index,0,tags,count
0,0,charting,1
1,1,clojure,22
2,2,google_cardboard,6
3,3,online_score,1
4,4,cio,3
5,5,saas_marketing,1
6,6,aquaponic_and_hydroponics,1
7,7,pmp,5
8,8,image_analysis,2
9,9,journalism,19
10,10,health_and_technology,2
11,11,founders,7
12,12,project_management_practices,7
13,13,apps,13
14,14,creating,1
15,15,to_promote_r_for_big_data_analytics,3
16,16,google_apps_script,2
17,17,game_artist,1
18,18,new_technology,873
19,19,special_education,1
20,20,ict:_information_communications_technology,2
21,21,young_lawyers,1
22,22,html,23
23,23,domain_driven_design,9
24,24,html_and_css,16
25,25,personalized_medicine,1
26,26,mental_health_support,1
27,27,international_business,1
28,28,google_app_engine,5
29,29,healthcare_startups,3
30,30,weave,1
31,31,3d_artists,22
32,32,building_robots_for_the_home,1
33,33,quants,7
34,34,small_business_owners,16
35,35,section_508,2
36,36,microsoft_lync,1
37,37,small_business_pr,1
38,38,aerial_photography,5
39,39,xcode_users,3
40,40,ocaml_programming,6
41,41,diy_photography,1
42,42,eai,1
43,43,ceo_network,1
44,44,ripple,1
45,45,android,40
46,46,entrepreneur_futurists,1
47,47,microsoft_dynamics_ax,2
48,48,ui/ux,15
49,49,visualworks,1
50,50,european_football,1
51,51,wordpress_websites,23
52,52,interactive,3
53,53,system_administration,94
54,54,edinburgh,1
55,55,square_mile,1
56,56,data_analytics,260
57,57,windows_phone_7,1
58,58,lua_programming,4
59,59,rc_planes:_remote_controlled,2
60,60,medical_device_sales,1
61,61,social_enterprise,4
62,62,museum,2
63,63,drupal,30
64,64,enterprise_software,2
65,65,project_management_office,1
66,66,blender_3d,3
67,67,rnn,1
68,68,co-creation_and_co-production,1
69,69,user_experience_design,18
70,70,wearables,7
71,71,climate_change_solutions,2
72,72,customer_success_management,2
73,73,designing_web_pages_for_your_business,1
74,74,software_quality,33
75,75,risk_governance_and_compliance,8
76,76,storage_solutions,2
77,77,co-operatives_movement,1
78,78,database_integration_&_migrations,2
79,79,web_api_design,11
80,80,sustainable_development,5
81,81,queer_in_tech,1
82,82,operations_research,2
83,83,devops_automation,24
84,84,dj_mixes_and_vj_sets,1
85,85,veristand,1
86,86,social_media_metrics,1
87,87,hibernate,2
88,88,project_atomic,1
89,89,doctoral_candidates,1
90,90,amazon_seller,9
91,91,tweetup,1
92,92,electronic_music,2
93,93,law,6
94,94,women_in_computing,3
95,95,jasmine,2
96,96,academics,1
97,97,dynamics_ax,1
98,98,stem_education,1
99,99,experience_design,3
100,100,options_pricing,1
101,101,exams,1
102,102,unity_game_engine,4
103,103,self_build,1
104,104,international_cybersecurity,1
105,105,urban_design,7
106,106,design_and_visualization_tools,1
107,107,physical_computing,4
108,108,workshop,3
109,109,mobile_and_edge_computing,1
110,110,design_futures,5
111,111,geeks,1
112,112,french_language,2
113,113,operating_systems,4
114,114,manufacturers_&_ecommerce,2
115,115,new_relic,1
116,116,website_traffic,2
117,117,radio_broadcasting_&_production,2
118,118,human_resource_management,1
119,119,computer_programming,771
120,120,information_security,57
121,121,agile_leadership,71
122,122,applied_cognitive_science,2
123,123,civic_engagement_&_technology,9
124,124,open_mic,1
125,125,windows_8_ux,1
126,126,baby_boomers,1
127,127,"eating,_drinking,_talking,_laughing,_etc",3
128,128,startup_nonprofits,1
129,129,affiliate_marketing,1
130,130,multi_channel_marketing,1
131,131,statistical_science,2
132,132,innovation_&_clean_tech,2
133,133,hacklabs,1
134,134,bookkeeping,1
135,135,startups_and_entrepreneurs,1
136,136,software_craftsmanship,27
137,137,functional_reactive_programming,3
138,138,motorsports,1
139,139,lisp_&_scheme,13
140,140,service-oriented_architecture,5
141,141,drupal_security,6
142,142,trends,1
143,143,business_applications_for_sharepoint,2
144,144,prayer_&_bible_studies,1
145,145,self_tracking,4
146,146,control_systems,1
147,147,software:_saas,1
148,148,records_management,1
149,149,bots,6
150,150,creating_amazon_cloud_applications,1
151,151,character_design,1
152,152,live_coding,5
153,153,women_science_technology_engineering_&_mathematics,3
154,154,blackberry_application_development,2
155,155,documentary,2
156,156,business_analytics,61
157,157,information_systems_security,5
158,158,ios,40
159,159,lawyers,3
160,160,html5_game_development,2
161,161,game_engine,1
162,162,analytic_solutions,1
163,163,fintech,16
164,164,sports_statistics,1
165,165,bpm,4
166,166,automated_trading_strategies,4
167,167,white_hat_hacking,19
168,168,installing_ruby_on_rails,2
169,169,diy_revolution,2
170,170,advanced_sass,1
171,171,enterprise_application_integration,8
172,172,independent_game_development,37
173,173,devops,172
174,174,iphone_app_marketing,3
175,175,travel,7
176,176,gis,5
177,177,ip_telephony,2
178,178,cem,1
179,179,data_journalism,5
180,180,lean_it,1
181,181,creating_high_performing_teams,1
182,182,"philosophy,_science,_environment_and_culture.",1
183,183,yii_framework,2
184,184,hardware_hacks_&_gadgeteering,6
185,185,data_analysis,7
186,186,strategy,3
187,187,united_nations,1
188,188,google_technology_user_group,16
189,189,startup_investors,1
190,190,wordpress_users,27
191,191,sharepoint_business_users,1
192,192,telecom_software,1
193,193,google_tv,2
194,194,netsquared,4
195,195,photo_editing,1
196,196,tv/film/video,1
197,197,filemaker_pro_database_development,1
198,198,hybrid_apps,1
199,199,jvm_languages,17
200,200,resonsive_web_design_and_umbraco,6
201,201,gluster,1
202,202,teachers_talking_to_teachers_about_teaching,1
203,203,nfv,2
204,204,college_life,1
205,205,college,1
206,206,digital_lifestyle,4
207,207,"local_events,_history_and_culture",1
208,208,medical_devices,4
209,209,scaling_agile,21
210,210,postgresql_and_open_source_projects,3
211,211,drone,4
212,212,over_50,1
213,213,behavioral_psychology,1
214,214,digital_inclusion,1
215,215,future_technology_trends,2
216,216,bitcoin_business_model,1
217,217,backend_as_a_service,1
218,218,eclipse_rcp,1
219,219,professional_women,7
220,220,system_integration,4
221,221,problem_solving,3
222,222,construction,1
223,223,space_tourism,2
224,224,ios_accessibility,2
225,225,cloud_networking,2
226,226,enterprise_technology,2
227,227,apollo,1
228,228,employment,1
229,229,enterprise_search,16
230,230,emergence,1
231,231,computer_geeks,2
232,232,ph.d.,1
233,233,consulting,3
234,234,risk_management,9
235,235,electronics,72
236,236,google_apps_integration,1
237,237,coremetrics,1
238,238,linux_desktop,1
239,239,data_analysis_and_modeling,17
240,240,penetration_testing,12
241,241,network_design,2
242,242,beginner_web_programming,1
243,243,pattern_recognition,1
244,244,cloud_storage,8
245,245,drupal_developers,9
246,246,business:finding_&_retaining_employees_&_customers,1
247,247,privacy_and_freedom,3
248,248,iot_security,3
249,249,opengl,5
250,250,eris,1
251,251,marionette,1
252,252,music_for_transmedia,1
253,253,product_experience_design,2
254,254,wordpress_user_community,7
255,255,modx,1
256,256,leadership_development,3
257,257,pragmatic_software_development,3
258,258,biotechnology,15
259,259,blackberry_apps,3
260,260,acid,1
261,261,owasp,2
262,262,magazine_publishing,1
263,263,political_activism,1
264,264,.net_development,12
265,265,oceans_alert,1
266,266,other_atlassian_products,3
267,267,javascript,273
268,268,internet_censorship,3
269,269,white_label_product,1
270,270,investor,1
271,271,functional_programming_in_python,6
272,272,women_entrepreneurs,35
273,273,agile_portfolio_management,10
274,274,tdd,6
275,275,stackless_python,1
276,276,community_service,5
277,277,supper_clubs,1
278,278,israel,1
279,279,system_center_service_manager,1
280,280,drizzle,1
281,281,m2m,23
282,282,starting_a_business_with_very_little_money_down,1
283,283,mammoth_mvp,1
284,284,starting_an_e-commerce_bus,2
285,285,women_in_blockchain,5
286,286,web_accessibility,4
287,287,trading_with_automated_trading_systems,4
288,288,seo_for_magento,5
289,289,business_process_automation,5
290,290,fsharp,3
291,291,fab_lab,4
292,292,london_entrepreneurs,1
293,293,organisational_change,3
294,294,charities,1
295,295,music_publishing_&_licensing,1
296,296,group_study,1
297,297,trading,5
298,298,organisational_development,1
299,299,career,2
300,300,xmpp,1
301,301,game_ai,1
302,302,data_warehouse,2
303,303,second_screen,1
304,304,djs,1
305,305,film_photography,1
306,306,coach,2
307,307,introduction_to_alfresco_cms,1
308,308,sql_integration_services,6
309,309,c_sharp_development,1
310,310,real_time_systems,1
311,311,startup_weekend,2
312,312,humanism,1
313,313,brand_strategy,1
314,314,data_governance,5
315,315,sql_server_2008,2
316,316,microsoft_technology,20
317,317,alternative_currency,3
318,318,wordpress_plugins,32
319,319,lean_business,1
320,320,starting_a_business,2
321,321,game_development_for_transmedia,1
322,322,concurrent_programming,10
323,323,oil_and_gas,1
324,324,network_marketing_training,1
325,325,desktop_virtualization,1
326,326,scala_akka,5
327,327,television_production,1
328,328,sony_morpheus,1
329,329,load_testing_and_performance,17
330,330,sharing_best_practices,1
331,331,sharepoint_governance,1
332,332,innovation_games,1
333,333,alternative_energy,2
334,334,event_driven_architecture,1
335,335,after_effects,1
336,336,unikernels,1
337,337,postgresql,7
338,338,thinking_of_starting_your_own_company,1
339,339,access_control_systems,1
340,340,information_management,1
341,341,qa_professionals,8
342,342,data_centre_networking_and_design,1
343,343,introduction_to_functional_programming_in_r,3
344,344,digital_identity,2
345,345,electronic_music_recording_and_production,4
346,346,user_centered_design,4
347,347,ebay,6
348,348,linkedin,3
349,349,clean_code,11
350,350,patent,2
351,351,managed_multicdn_solution,1
352,352,business_brainstorming,1
353,353,women_and_finance,1
354,354,r_programming_language,4
355,355,seo_(search_engine_optimization),70
356,356,postgres,3
357,357,computer_graphics,13
358,358,usability_testing,2
359,359,dining_out_with_new_friends,1
360,360,taxonomy,3
361,361,digital_project_management,3
362,362,web_management,1
363,363,startup_marketing,1
364,364,blogging_to_promote_yourself,6
365,365,mindfulness,1
366,366,identity_&_access_management,2
367,367,otp,5
368,368,education_technology_start-ups,1
369,369,enterprise_nosql,2
370,370,management_3.0,2
371,371,enterprise_resource_planning_hybrid,1
372,372,wireless_technology,5
373,373,building_a_user_friendly_cms_with_umbraco,3
374,374,prolog,1
375,375,software_freedom,2
376,376,physics,1
377,377,apis,26
378,378,customer_satisfaction,5
379,379,text_mining,2
380,380,system_on_chip_(soc),1
381,381,wordpress_theme_development,5
382,382,young_entrepreneur,1
383,383,credit_risk_analytics,1
384,384,sharepoint_architecture,2
385,385,test_driven_development,114
386,386,peer2peer,3
387,387,information_retrieval,3
388,388,design_thinking,19
389,389,stories,1
390,390,healthcare_it,11
391,391,native_advertising,1
392,392,kanban,80
393,393,esri,3
394,394,service_catalogue_management,2
395,395,content_marketing_strategies_for_the_internet,1
396,396,3d_scanning,7
397,397,mental_illness,1
398,398,social_media_monitoring,1
399,399,big_data_for_social_media,3
400,400,"search,_information_retrieval",4
401,401,mac,5
402,402,moon_and_mars_colonization,1
403,403,cuda:_compute_unified_device_architecture,1
404,404,.net,86
405,405,born_again_christian,1
406,406,humanitarian,1
407,407,social_media_tools,1
408,408,accessible_technology,3
409,409,dynamic_languages,1
410,410,international_relations,1
411,411,computer_gaming,6
412,412,delegating_&_outsourcing_for_small_business_owners,1
413,413,salesforce.com_chatter,5
414,414,coworkers,1
415,415,sustainable_and_ethical_food,1
416,416,amateur_radio,2
417,417,business_leadership,1
418,418,considering_an_online_ecommerce_retail_store?,3
419,419,brexit,1
420,420,google_maps,2
421,421,hbase,12
422,422,email_campaign_management,1
423,423,freethinker,1
424,424,arts_&_entertainment,1
425,425,sport_technology,1
426,426,web_application_security,26
427,427,nvidia,1
428,428,medical_device_technology,5
429,429,self_employed_professionals,1
430,430,pc,1
431,431,dance_and_movement,1
432,432,mobile_payment,5
433,433,business_process_improvement_consultant,1
434,434,small_business_diy_inventors_startups,1
435,435,distributed_scala_programming,6
436,436,rust,4
437,437,video_streaming,1
438,438,activities,1
439,439,hiring_and_managing,1
440,440,work_at_home_&_work_at_home_moms,1
441,441,workflow_application,2
442,442,beer,4
443,443,electrical_engineering,2
444,444,motion_graphics,7
445,445,joomla_users,1
446,446,information_governance,2
447,447,hardware_startups,5
448,448,atlassian,6
449,449,urban_planning,1
450,450,adobe_creative_suite,3
451,451,docker,62
452,452,impact_investing,1
453,453,supply_chain_management,4
454,454,concept_art,1
455,455,aws_s3,9
456,456,happy_hour,1
457,457,fashion_designers,1
458,458,web_components,3
459,459,learning_to_code,15
460,460,jenkins,5
461,461,personal_development,11
462,462,sdl_tridion,1
463,463,fear_of_public_speaking,3
464,464,product_management,37
465,465,legal_professionals,5
466,466,hobbies_&_crafts,1
467,467,f-sharp,2
468,468,microcontrollers,28
469,469,gadget_lovers,2
470,470,analysis,1
471,471,java_virtual_machine,12
472,472,bitemporal,1
473,473,how_to_use_social_media_to_promote_your_business,1
474,474,elearning,2
475,475,ethical_banking,1
476,476,test_automation_frameworks,12
477,477,customer_retention,2
478,478,user_experience_practices,4
479,479,paas_(platform_as_a_service),61
480,480,the_art_of_public_speaking,1
481,481,food_waste,1
482,482,church,1
483,483,operations_and_project_managment,1
484,484,the_open_web_application_security_project,2
485,485,social_media_cafe,1
486,486,brain-computer_interface,1
487,487,road_cycling,1
488,488,charity_events,5
489,489,upcycling_repurposing_redesign,1
490,490,salesforce.com_developers,11
491,491,telecommunications,4
492,492,short_term_rental_income,1
493,493,latino/a_networking,1
494,494,web_mapping,3
495,495,microsoft_biztalk,2
496,496,macintosh_computer_users,1
497,497,linked_data,10
498,498,m2m_devices_machine_to_machine,10
499,499,beacons,2
500,500,senior_and_elder_care,1
501,501,black_professionals,2
502,502,rapid_software_testing,1
503,503,health_care,1
504,504,web_&_new_technology,5
505,505,system_administrators,1
506,506,geopolitics,1
507,507,leaders,1
508,508,sports_technology,1
509,509,networking_for_nonprofits,1
510,510,life_drawing,1
511,511,home_automation,2
512,512,food_blogging,2
513,513,apache_mesos,3
514,514,large_scale_scrum,5
515,515,firebase,2
516,516,blogging_tips_+_tricks,2
517,517,app_development,2
518,518,real_life_uses_of_aws_and_cloud_servers,6
519,519,ml,1
520,520,user_testing,4
521,521,ax_2012,1
522,522,homelessness,1
523,523,insight,1
524,524,women_mentoring_women,1
525,525,apache_cloudstack,1
526,526,computer_tutoring,3
527,527,brain,4
528,528,cloud_foundry,4
529,529,wikipedia,1
530,530,test_prep,1
531,531,ccie,1
532,532,"disaster_recovery,_business_continuity",3
533,533,openmax,1
534,534,digital_storytelling,3
535,535,online_marketing,138
536,536,apache_hadoop,5
537,537,vr,16
538,538,computer_art,2
539,539,tech_social,1
540,540,performance_management,1
541,541,information_lifecycle_management,1
542,542,branching,1
543,543,smart_city_or_cities,11
544,544,continuous_delivery,86
545,545,middle_east,1
546,546,real-time_media_bidding_&_buying,1
547,547,physician,1
548,548,angular,7
549,549,drupal_mastering,4
550,550,pinterest,2
551,551,geeks_&_nerds,13
552,552,data_privacy,3
553,553,computer_aided_design,3
554,554,fpv,2
555,555,business_intelligence_in_cloud,4
556,556,connected_objects,3
557,557,tedx,1
558,558,solar_home_design,1
559,559,virtual_design_and_construction,1
560,560,law_&_technology,9
561,561,web_development,774
562,562,customer_support,4
563,563,a_“how_to”_group_to_get_product_ideas_to_market.,1
564,564,cio_/_cto,5
565,565,modular_synthesizers,1
566,566,product_owners,2
567,567,sketchup,1
568,568,open_space_technology,1
569,569,self_exploration,7
570,570,scrumban,3
571,571,jobs_to_be_done,1
572,572,community_development,1
573,573,lift,2
574,574,blockchain_security,13
575,575,c#/java/php...,1
576,576,lego_robotics,1
577,577,parents_in_technology,1
578,578,bitcoin,51
579,579,distributed_ledger,2
580,580,scrum_practices,11
581,581,mobile_services,3
582,582,university,1
583,583,diabetes,1
584,584,mobile_app_marketing,2
585,585,software_security,28
586,586,activism,1
587,587,business_process,3
588,588,expat_chinese,1
589,589,aerial_videography,4
590,590,jboss_solutions,4
591,591,genetics,4
592,592,civil_rights,1
593,593,nanotechnology,1
594,594,adventure_games,1
595,595,artificial_intelligence_machine_learning_robotics,24
596,596,belfast,3
597,597,motion_design,1
598,598,mobility,2
599,599,vacations,1
600,600,agile_mindset,7
601,601,java_ee,3
602,602,web_application,10
603,603,healthcare_technology,3
604,604,working_mums,1
605,605,illustration,4
606,606,self-hacking,1
607,607,affiliate_networks,1
608,608,microsoft_technologies,2
609,609,adobe_dreamweaver,1
610,610,smart_property,10
611,611,healthcare_reform,1
612,612,seo_business_development,1
613,613,lean_startup_machine,2
614,614,apple_mobile_device_application_development,3
615,615,data_art,1
616,616,ethereum,39
617,617,scrum_coaching,5
618,618,professional_development,57
619,619,master_data_management,3
620,620,coffee_talk,1
621,621,dynamic_programming,1
622,622,accessibility,8
623,623,3d_graphics,1
624,624,confidence_and_self-esteem,1
625,625,google_cloud_platform,5
626,626,webvr,2
627,627,sustainable_frameworks_in_javascript,6
628,628,self-empowerment,4
629,629,moms,2
630,630,middleware,9
631,631,microsoft_windows_server,4
632,632,red_hat,7
633,633,collaboration_between_creative_minds,31
634,634,iphone,17
635,635,vertica,1
636,636,wiki,1
637,637,team_foundation_server,3
638,638,html_5/css3,10
639,639,es6,1
640,640,landing_page_optimization,1
641,641,xcode,5
642,642,women_coders,2
643,643,google_apps_for_business,1
644,644,neural_networks,36
645,645,asynchronous_programming,1
646,646,umbraco,9
647,647,jabber,1
648,648,social_media_in_hr,1
649,649,automation,17
650,650,testing_tools,17
651,651,online_video,1
652,652,amazon.com,4
653,653,recreational_sports,3
654,654,blackberry_developers_&_applications,2
655,655,studying,1
656,656,mobile_developers,5
657,657,leadership_team_development,2
658,658,c#_/_csharp,1
659,659,game_night,3
660,660,project_management_methods,7
661,661,business_models,1
662,662,sap_hana_technology,1
663,663,unified_communications,1
664,664,robotics,90
665,665,digital_health,10
666,666,3d_printing,56
667,667,leadership_skills,1
668,668,leanstartups,3
669,669,latin_america,2
670,670,expat_polish,1
671,671,social_innovation,10
672,672,hadoop,109
673,673,technology_sales_professionals,1
674,674,webrtc,1
675,675,test,5
676,676,laser_cutting,4
677,677,get_new_customers,1
678,678,decentralized_autonomous_organizations_(daos),1
679,679,big_data,376
680,680,openstack_-_quantum,2
681,681,mysql_cluster,1
682,682,cg_animation,3
683,683,dba,3
684,684,mobile_health,8
685,685,computational_biology,4
686,686,sql_server_analysis_services,7
687,687,erp_consulting,2
688,688,networking_withing_advertising_and_marketing,1
689,689,soccer,1
690,690,cybersecurity_innovation,4
691,691,media_professionals,1
692,692,narrative_design,1
693,693,autism_spectrum_disorder,1
694,694,extreme_programming,62
695,695,women_software_developers,7
696,696,processing,1
697,697,women_in_technology_sales_and_marketing,1
698,698,teststand,1
699,699,magento_developers,12
700,700,php_application_development,28
701,701,coffeescript,5
702,702,affiliate_email_marketing,1
703,703,how_to_safely_store_your_bitcoin,5
704,704,cloud_identity,2
705,705,c++_programming,4
706,706,go_programming_language,7
707,707,complexity,1
708,708,magento_enterprise,11
709,709,public_sector,2
710,710,neuroengineering,1
711,711,microservices,14
712,712,explore:_agile_scrum_xp_lean_kanban,16
713,713,cofounderslab,1
714,714,data_center_colocation,1
715,715,zend_framework,4
716,716,multi-rotor_aircraft,3
717,717,hololens,3
718,718,data_computing,1
719,719,weaving,1
720,720,cocoaheads,1
721,721,programmers,4
722,722,test_group,2
723,723,appstore,2
724,724,data_science_using_python,15
725,725,solopreneurs,1
726,726,executive_coaching,5
727,727,lead_generation,1
728,728,creative_wrting,2
729,729,advertising_agency_community,2
730,730,documentation,2
731,731,aerospike,1
732,732,microsoft_office_365_public_cloud-based_technology,1
733,733,apache_lucene,3
734,734,3d_projects,3
735,735,agile_planning,1
736,736,aquaponics,1
737,737,sql_azure,4
738,738,multicore_computing,1
739,739,manufacturing,7
740,740,digital_advertising_and_branding,1
741,741,visual_studio_2012,2
742,742,ceramic_arts,1
743,743,conversion_rate_optimization,3
744,744,technological_transformation,1
745,745,adobe_experience_manager,2
746,746,kanban_software_development,4
747,747,etl,8
748,748,federated_identity,2
749,749,mobile_analytics,3
750,750,open_innovation,3
751,751,growth_hacker,1
752,752,advanced_analytics,1
753,753,brand_design,7
754,754,mobile_web,13
755,755,digital_marketing_strategy,10
756,756,command_query_responsibility_segregation_(cqrs),1
757,757,mountaineering,1
758,758,networking_happy_hour,1
759,759,indian_startups,1
760,760,voip,2
761,761,free_network_marketing_training_&_support,1
762,762,advertising,3
763,763,context_driven_testing,2
764,764,ecommerce_technology,26
765,765,marketing_ebay,1
766,766,web_hosting_and_design,1
767,767,organic_foods,1
768,768,apache_lucene_and_solr_open_source_search,11
769,769,wikimedia,1
770,770,statistics_and_data_analysis,8
771,771,mlm_network_marketing_online_offline_strategies,1
772,772,quality,4
773,773,amazon,10
774,774,freedom_of_speech,1
775,775,caregiver,1
776,776,elm_programming,2
777,777,user_experience_research,10
778,778,sencha_touch,3
779,779,ios_game_development,7
780,780,science_fiction,1
781,781,segway,1
782,782,infographics,2
783,783,web_of_data,2
784,784,haptics,1
785,785,global_challenges,1
786,786,digital_agencies,1
787,787,industrial_internet_of_things,4
788,788,study_group,6
789,789,video,4
790,790,global_service_delivery,1
791,791,arcade_gaming,1
792,792,xna,1
793,793,rxjs,1
794,794,liberty,1
795,795,emacs_lisp,1
796,796,radio_control_flying,3
797,797,all_things_telecom,1
798,798,technology_networking,3
799,799,repair,3
800,800,futurology,11
801,801,php_html5_nginx_mongodb_linux,2
802,802,freedom,1
803,803,new_product_development:_software_&_tech,87
804,804,working_from_home_effectively,1
805,805,inclusive_design,6
806,806,bi_mobile,1
807,807,data_quality,7
808,808,front-end_development,71
809,809,selling_arts_&_crafts_online_&_offline,1
810,810,how_to_write_good_content,2
811,811,women_computer_scientists,1
812,812,declutter,1
813,813,windows,5
814,814,civic_action,1
815,815,early_stage_startups,2
816,816,centos,1
817,817,gnu/linux,3
818,818,actionscript,1
819,819,vr_glasses,23
820,820,digital_business,1
821,821,deep_learning,42
822,822,interactive_music,1
823,823,global_conflict_and_resolution,1
824,824,women_in_technology,34
825,825,os_x_development,3
826,826,hedge_fund,1
827,827,new_experiences_and_challenges,1
828,828,computing,2
829,829,web_standards,35
830,830,christian_business_owners,2
831,831,data_protection,6
832,832,facilitation,3
833,833,virtualization,83
834,834,legal_networking,2
835,835,object_oriented_programming,18
836,836,medical_technology,3
837,837,best_practices_for_high_performance_ecommerce,5
838,838,voice_overs,1
839,839,visual_facilitation,1
840,840,computational_science_and_engineering,5
841,841,bike_repair,1
842,842,social_coding,28
843,843,print_and_web_design,2
844,844,pc_gaming,2
845,845,beer_beer_beer_and_more_beer,1
846,846,youth_mentoring,1
847,847,infrastructure_as_code,77
848,848,windows_8_metro_app_development,2
849,849,servicenow,2
850,850,history,4
851,851,hackspaces,5
852,852,singles,2
853,853,digital_marketing_professionals,12
854,854,cleantech_and_information_technology,3
855,855,dining_out,2
856,856,high-tech_professional,2
857,857,ict,1
858,858,customer_experience,10
859,859,banking_reform,1
860,860,data_vault_database_modeling,1
861,861,computers_and_software,1
862,862,successful_startup_founders,2
863,863,oracle_application_business_solutions,3
864,864,data_cleansing,1
865,865,bigdata,6
866,866,seniors,2
867,867,quiz_nights,1
868,868,windows_powershell,7
869,869,synthesizer,2
870,870,game_development,60
871,871,the_right_mlm_opportunity,1
872,872,expressjs,1
873,873,b.y.o.d_(bring_your_own_device),1
874,874,enterprise_architecture,10
875,875,apache,10
876,876,iphone_game_development,4
877,877,data_collection_and_entry,1
878,878,blackberry_development,2
879,879,arcmap,1
880,880,testing_web_site_performance,7
881,881,fixing,1
882,882,online_learning,3
883,883,design_strategy,4
884,884,cocoa_touch,4
885,885,fba_fulfillment_by_amazon,6
886,886,b2b_e-commerce,1
887,887,salesforce.com_users,4
888,888,ux_design,130
889,889,new_business_startup,1
890,890,financial,2
891,891,digital_&_social_media,9
892,892,getting_organized,1
893,893,telecommunications_industry,3
894,894,sdn,3
895,895,adobe,8
896,896,r_language,1
897,897,product_design_/_engineering,1
898,898,mandarin_language,1
899,899,htc_vive,6
900,900,hospitality_industry,1
901,901,computer_training,3
902,902,itil_itsm,2
903,903,viral_marketing,1
904,904,beginner_web_developer,2
905,905,apache_apex,3
906,906,renewable_energy,2
907,907,business_analysts,7
908,908,bring_angel_investors_and_startups_together,5
909,909,video_marketing,2
910,910,typo3_cms,1
911,911,sewing,1
912,912,shell_scripting,1
913,913,developing_mobile_apps,8
914,914,computer_club,2
915,915,live_entertainment,1
916,916,internet_of_things,116
917,917,power_pivot,1
918,918,writing_for_blogs,2
919,919,crowd_funding,1
920,920,smart_city,8
921,921,stem_mentoring,1
922,922,digital,3
923,923,jam_sessions,1
924,924,experimental_electronic_music,1
925,925,sketchnotes,1
926,926,groovy,2
927,927,cryptography,34
928,928,citizen_activism,1
929,929,making_money_with_rental_property,2
930,930,immersive_tech,4
931,931,social_game_developers,3
932,932,mapreduce,38
933,933,a_community_where_private_equity_investors_meet,1
934,934,autonomous_vehicles,2
935,935,scrum_development,4
936,936,high_scalability_computing,56
937,937,web_2.0,2
938,938,platform_evangelism,1
939,939,online_business,1
940,940,mobile_security,5
941,941,open_courseware,1
942,942,web_based_applications,1
943,943,continuous_deployment,13
944,944,information_technology_students,2
945,945,windows_10,1
946,946,lectures,1
947,947,geographic_information_systems:_gis,4
948,948,community_outreach,1
949,949,pmp_certification,3
950,950,3d_animation,18
951,951,organization,1
952,952,executives-_managers_and_above,1
953,953,nonprofit,15
954,954,internet_online_&_web_technology,1
955,955,react_native,11
956,956,visual_effects_cg_animation,7
957,957,customer_experience_management,3
958,958,collaborative_consumption,1
959,959,duckduckgo,1
960,960,django,15
961,961,local_seo,1
962,962,mean,1
963,963,maidsafe,1
964,964,video_game_developers,7
965,965,ipad,8
966,966,invention,2
967,967,stoos_satellite,1
968,968,silicon_alley,1
969,969,social_movements,2
970,970,adobe_cq,2
971,971,education,13
972,972,virtual_worlds,25
973,973,location_based_marketing,1
974,974,linguistics,1
975,975,apache_hive,3
976,976,gamification_at_work,1
977,977,repair_broken_found_items,1
978,978,singles_60_&_over,1
979,979,server_side_javascript,14
980,980,ipod,1
981,981,educational_tutor,1
982,982,healthcare,2
983,983,insurance,4
984,984,real_estate_investing,1
985,985,business_intelligence,114
986,986,scala,34
987,987,windows_8,2
988,988,oracle_business_solutions,2
989,989,recent_graduates,3
990,990,hardware_engineering,7
991,991,project_management_training,2
992,992,python,92
993,993,motion_and_graphic_design,1
994,994,success_mindset,1
995,995,using_web_dev_skills_to_build_mobile_apps,2
996,996,professional_networking,139
997,997,single_seniors,1
998,998,software_architecture,40
999,999,young_makers,1
1000,1000,logstash,1
1001,1001,mmo,1
1002,1002,movie_nights,1
1003,1003,civic_hacking,5
1004,1004,conscious_business,2
1005,1005,workflow_design,3
1006,1006,ux_research,10
1007,1007,visas,1
1008,1008,automated_testing,4
1009,1009,gmail,1
1010,1010,2d_animation,1
1011,1011,windows_phone_developers,3
1012,1012,learn_blogging,3
1013,1013,agile_experiences,2
1014,1014,enterprise_content_management_ecm,2
1015,1015,technology_innovation,6
1016,1016,bible_study,1
1017,1017,startup_pitching,12
1018,1018,adobe_air,2
1019,1019,javascript_applications,44
1020,1020,hackerspace,4
1021,1021,php,120
1022,1022,apache_kafka,7
1023,1023,news_broadcasting,2
1024,1024,communication,1
1025,1025,building_android_apps_with_appcelerator_titanium,2
1026,1026,games_development,2
1027,1027,smartwatch,1
1028,1028,co-working_space,2
1029,1029,anonymous,1
1030,1030,ux_creatives,4
1031,1031,internet_retail,10
1032,1032,branding,2
1033,1033,multicopters,1
1034,1034,ibm_power_users,1
1035,1035,mule_esb,5
1036,1036,coders,47
1037,1037,project_management_professional,8
1038,1038,beginner_ios_developers,5
1039,1039,medieval_history,1
1040,1040,vfx,2
1041,1041,photography,9
1042,1042,go,8
1043,1043,xquery,3
1044,1044,networking_for_graphic_designers_&_marketing_pros,6
1045,1045,conversation,6
1046,1046,ux_in_vr,2
1047,1047,radical_management,1
1048,1048,unreal_engine,8
1049,1049,wwc,2
1050,1050,reactive_programming,3
1051,1051,content_development,2
1052,1052,sql_server_web_services_+_more_data_access_methods,2
1053,1053,insurance_professionals,3
1054,1054,transformation,6
1055,1055,openbazaar,1
1056,1056,microsoft_dynamics_business_solutions,3
1057,1057,fashion_and_style,2
1058,1058,web_2.0_strategy,1
1059,1059,online_education,1
1060,1060,anarchy,1
1061,1061,content_strategy,29
1062,1062,iot_industrial_internet_of_things,12
1063,1063,cycling,1
1064,1064,decentralized_ledger_technology_(dlt),2
1065,1065,configuration_management,66
1066,1066,massively_parallel_processing_databases,1
1067,1067,lean_product_development,1
1068,1068,how_to_start_a_business,1
1069,1069,quantitative_finance,6
1070,1070,design_patterns,5
1071,1071,mobile_testing,3
1072,1072,web_bot,3
1073,1073,filmmakers_and_photographers,1
1074,1074,big_data_ingestion,2
1075,1075,eclipse_ide,1
1076,1076,coding_for_beginners,19
1077,1077,new_career,3
1078,1078,joomla_users_and_developers,1
1079,1079,logic_programming,1
1080,1080,network_virtualization,2
1081,1081,cross_platform_development,8
1082,1082,cad_design_&_development_services,2
1083,1083,customer_development,3
1084,1084,protecting_your_online_reputation,1
1085,1085,makers,96
1086,1086,networking_for_job_seekers,5
1087,1087,cloud_to_cloud_itegration,3
1088,1088,architecture,10
1089,1089,transhumanism,5
1090,1090,cxm,1
1091,1091,shared_value,1
1092,1092,synthetic_biology,2
1093,1093,open_education,1
1094,1094,wildlife_conservation,1
1095,1095,character_modeling,1
1096,1096,consulting_skills,1
1097,1097,facebook_marketing,8
1098,1098,java,122
1099,1099,sensor_fusion,1
1100,1100,decision_making,1
1101,1101,user_group,8
1102,1102,quality_management,1
1103,1103,computer_forensics,1
1104,1104,mysql,39
1105,1105,applied_statistics,22
1106,1106,reputation,1
1107,1107,typography,2
1108,1108,kotlin,4
1109,1109,astronomy,1
1110,1110,mobile_advertising,3
1111,1111,film_and_video_production,12
1112,1112,machine_intelligence,36
1113,1113,python_web_development,15
1114,1114,construction_professionals,1
1115,1115,digital_rights,13
1116,1116,transmedia,2
1117,1117,flask,2
1118,1118,opencv,4
1119,1119,improvisational_music_and_art,1
1120,1120,programmatic_buying,1
1121,1121,r_users_group,12
1122,1122,creativity,42
1123,1123,digital_photography,10
1124,1124,business_architecture,3
1125,1125,tv_broadcasting,1
1126,1126,community_learning,1
1127,1127,community_management,3
1128,1128,amazon_fba,3
1129,1129,developer,3
1130,1130,it_procurement,1
1131,1131,health_and_wellbeing,1
1132,1132,lean_management,2
1133,1133,theano,1
1134,1134,pay_per_click,5
1135,1135,open_source_community,12
1136,1136,rc_helicopters:_remote_controlled_helis,1
1137,1137,windows_phone_8_development,2
1138,1138,r_project_for_statistical_computing,25
1139,1139,help_for_business_startups,2
1140,1140,meaning,1
1141,1141,meeting_facilitation,1
1142,1142,vlogging,2
1143,1143,personalisation,3
1144,1144,quantified_self,11
1145,1145,sla_management,1
1146,1146,man-machine_interface,1
1147,1147,mobile_development,348
1148,1148,managing_distributed_development_and_testing_teams,1
1149,1149,innovation,130
1150,1150,co-founder,3
1151,1151,qsmap,2
1152,1152,source_code_management,1
1153,1153,self-driving_vehicles,2
1154,1154,mlm_-_how_to_have_success,1
1155,1155,lean_ux,29
1156,1156,pharo,1
1157,1157,uav,8
1158,1158,hpc_programming,3
1159,1159,strategic_organizational_change,3
1160,1160,transmedia_storytelling_&_publishing,3
1161,1161,merging,1
1162,1162,deployment,2
1163,1163,amazon_alexa,1
1164,1164,build_automation,4
1165,1165,cupcakes,1
1166,1166,drupal_modules,8
1167,1167,emerging_technology,1
1168,1168,samsung_gear_vr,1
1169,1169,network_management_and_monitoring,2
1170,1170,international_development,3
1171,1171,ux_technology,5
1172,1172,openshift,3
1173,1173,web_and_technology_startups,3
1174,1174,copyright,6
1175,1175,socially_responsible_business,2
1176,1176,user_experience_optimization,3
1177,1177,small_business_tool_box_&_strategies_for_success,1
1178,1178,innovations_in_software_testing,8
1179,1179,pluralsight,1
1180,1180,christian,1
1181,1181,payments,2
1182,1182,web_technology,672
1183,1183,mobile_design,6
1184,1184,blogging_for_business,2
1185,1185,mobile_user_experience,65
1186,1186,futurists,2
1187,1187,clothing_and_fashion_designers,1
1188,1188,autodesk_3ds_max,2
1189,1189,board_games,2
1190,1190,decentralized_systems,23
1191,1191,corona_sdk,4
1192,1192,salesforce.com_and_force.com,5
1193,1193,make_new_friends,1
1194,1194,technology_discussion,1
1195,1195,data_management,71
1196,1196,test_automation,62
1197,1197,real_time_analytics,8
1198,1198,private_label_product,3
1199,1199,togaf,3
1200,1200,health_information_technology,6
1201,1201,it_strategy,1
1202,1202,surrey,1
1203,1203,ontology,3
1204,1204,real_estate_investors,1
1205,1205,disaster_recovery,3
1206,1206,historical_tours,1
1207,1207,future_vision,1
1208,1208,blog_writers,3
1209,1209,reactjs,13
1210,1210,marketing_automation,4
1211,1211,processing_programming_language,1
1212,1212,man-machine_integration,1
1213,1213,founder_institute,1
1214,1214,consul,1
1215,1215,artists,13
1216,1216,data_security,2
1217,1217,b2b_networking,2
1218,1218,photoshop,5
1219,1219,legal_industry,4
1220,1220,drone_racing,1
1221,1221,scalability,5
1222,1222,agile_program_management,5
1223,1223,online_media_buying,1
1224,1224,film,2
1225,1225,climate_change,1
1226,1226,"game_design,_game_modding,_3d_modeling",5
1227,1227,generative_art,1
1228,1228,digital_economy,1
1229,1229,web_analytics,14
1230,1230,customer_relationship_management,12
1231,1231,digital_art,9
1232,1232,netsuite,1
1233,1233,telling_your_story,1
1234,1234,video_production,2
1235,1235,international_friends,1
1236,1236,linux_kernel,2
1237,1237,humanity,2
1238,1238,st_albans,1
1239,1239,open_source_content_management,4
1240,1240,mobile_and_handheld_game_development,1
1241,1241,rest,2
1242,1242,mobile_social,3
1243,1243,text_editor,1
1244,1244,geography,2
1245,1245,using_mongodb_in_the_cloud,6
1246,1246,growth_hacking,3
1247,1247,programming_languages,196
1248,1248,unity_3d_developers,7
1249,1249,scripting,7
1250,1250,coursera.org,2
1251,1251,censorship_and_freedom_of_speech,6
1252,1252,gnu/linux_configuration,1
1253,1253,google_seo,6
1254,1254,asset_and_wealth_building,1
1255,1255,excel_2013,1
1256,1256,sql,32
1257,1257,creating_windows_azure_applications,1
1258,1258,learning_erlang_and_otp,4
1259,1259,develop_facilitation_skills,1
1260,1260,website_optimization,4
1261,1261,graphlab,1
1262,1262,graphic_arts,1
1263,1263,green_building_/_retrofitting,1
1264,1264,mobile_app_development,16
1265,1265,rdf,3
1266,1266,internet_startups,159
1267,1267,green_building,1
1268,1268,e-business_owners,12
1269,1269,artificial_general_intelligence,7
1270,1270,artificial_life,1
1271,1271,electronics_as_a_hobby,2
1272,1272,parents,3
1273,1273,document_management_systems,3
1274,1274,midi_controllers,1
1275,1275,javascript_best_practices,9
1276,1276,startup_entrepreneurship,1
1277,1277,c_/_c_+_+,4
1278,1278,.net_content_management_systems,4
1279,1279,probabilistic_graphical_models,2
1280,1280,adobe_after_effects,2
1281,1281,foreign_policy_topics,1
1282,1282,cross_platform_mobile_game_development,6
1283,1283,mozilla,2
1284,1284,vloggers,4
1285,1285,theater,3
1286,1286,cultural_diversity,1
1287,1287,economics,2
1288,1288,jesus_christ,2
1289,1289,business_change,2
1290,1290,image_processing,6
1291,1291,emerging_markets,1
1292,1292,medieval_interests,1
1293,1293,giving_back_to_the_community_-_engaging_our_youth,1
1294,1294,a/b_testing,3
1295,1295,creative_circle,4
1296,1296,small_business_networking,5
1297,1297,south_west_london,1
1298,1298,medical_professionals,1
1299,1299,application_performance_monitoring,2
1300,1300,changemakers,1
1301,1301,alt.net,1
1302,1302,data_strategy,3
1303,1303,cms_(content_management_systems),94
1304,1304,social_learning,1
1305,1305,crx,2
1306,1306,venture_capital_and_startup,1
1307,1307,financial_innovation,24
1308,1308,computer_networking,4
1309,1309,mvp,1
1310,1310,engineering,12
1311,1311,restarters,2
1312,1312,businessobjects,1
1313,1313,online_traffic,1
1314,1314,organisational_culture,3
1315,1315,digital_sculpture,1
1316,1316,webhooks,1
1317,1317,secure_software_design,2
1318,1318,xml,7
1319,1319,investors_network,1
1320,1320,agile_programming_and_python,4
1321,1321,learn_to_code,16
1322,1322,global_solutions,1
1323,1323,pub_quiz,1
1324,1324,small_business_marketing_strategy,20
1325,1325,fashion_industry,3
1326,1326,statistical_computing,19
1327,1327,currency_trading,1
1328,1328,alternative_medicine,1
1329,1329,database_engineers,1
1330,1330,women_in_engineering,2
1331,1331,emerging_robotic_technologies,3
1332,1332,running_umbraco_on_windows_azure,4
1333,1333,women_programmers,7
1334,1334,print_design,4
1335,1335,bitcoin_miners,21
1336,1336,high_availability_and_disaster_recovery,1
1337,1337,domain_names,1
1338,1338,machine_quilting,1
1339,1339,spreadsheets,2
1340,1340,digital_technologies,3
1341,1341,networking_for_women,1
1342,1342,chemistry,1
1343,1343,silicon_roundabout,3
1344,1344,craft_beer,1
1345,1345,future_of_journalism,6
1346,1346,waw,2
1347,1347,property_management,1
1348,1348,citizen_journalism,2
1349,1349,beach_life,1
1350,1350,vmware,1
1351,1351,latino/a_professionals,1
1352,1352,virtual_museum,1
1353,1353,help_desk,2
1354,1354,sap_professional,1
1355,1355,new_moms,1
1356,1356,cider,1
1357,1357,seniors_social,2
1358,1358,project_management_professional_certification,2
1359,1359,governance,3
1360,1360,cfengine,1
1361,1361,msp,4
1362,1362,volunteering,10
1363,1363,financial_education,4
1364,1364,behavioral_&_mental_health,1
1365,1365,real-time_internet,3
1366,1366,connecting,1
1367,1367,embedded_systems_programming,2
1368,1368,web_security,31
1369,1369,genuino,1
1370,1370,automating_web_application_testing,10
1371,1371,servers,1
1372,1372,science_&_technology,1
1373,1373,internet_privacy,12
1374,1374,chatbots,7
1375,1375,social_media_management,4
1376,1376,cloud_services,2
1377,1377,telecommunications_pros,2
1378,1378,reporters_and_journalists,7
1379,1379,wireless_sensor_networks,3
1380,1380,space_exploration,3
1381,1381,mac_development,2
1382,1382,projects,2
1383,1383,marklogic,3
1384,1384,new_media_and_interactive_design,6
1385,1385,mapping,9
1386,1386,rock_climbing,2
1387,1387,xslt,4
1388,1388,backbone,1
1389,1389,project_safe,1
1390,1390,playing_with_storytelling,1
1391,1391,tech_talks,13
1392,1392,social_entrepreneurship,9
1393,1393,sports_and_social_for_young_professionals,1
1394,1394,confluence,6
1395,1395,servant_leadership,1
1396,1396,scaled_agile_framework_(safe),10
1397,1397,crafts,6
1398,1398,datacenter_virtualization,1
1399,1399,software_engineers,4
1400,1400,retro_computers,2
1401,1401,scottish_heritage,1
1402,1402,technical_writing,2
1403,1403,cradle_to_cradle,1
1404,1404,d3.js,2
1405,1405,environment,5
1406,1406,adobe_cq5,2
1407,1407,neurotechnology,1
1408,1408,venture_capital,31
1409,1409,amazon_mastermind_selling,2
1410,1410,3ds_max,1
1411,1411,functional_programming,99
1412,1412,continous_integration,3
1413,1413,independent_consultant,1
1414,1414,work_at_home_ebay_sellers,3
1415,1415,low-latency,5
1416,1416,startup_incubation,19
1417,1417,cloud_computing,319
1418,1418,apache_storm,3
1419,1419,backend,2
1420,1420,income,1
1421,1421,salesforce.com_integration,6
1422,1422,disciplined_agile_delivery_(dad),1
1423,1423,open_network_for_docker,2
1424,1424,digital_marketer,4
1425,1425,scientific_computing,3
1426,1426,drupal_community,10
1427,1427,belief_networks,3
1428,1428,service-now.com,1
1429,1429,microsoft_.net_user_group,9
1430,1430,solidworks,2
1431,1431,stay_at_home_mums,1
1432,1432,windows_phone,4
1433,1433,kx,7
1434,1434,cnc_routing_and_machining,4
1435,1435,digital_publishing,13
1436,1436,fitbit,1
1437,1437,milton_keynes,2
1438,1438,corpus_data_processing,1
1439,1439,erlang_programming,13
1440,1440,spoken_word_stories,1
1441,1441,critical_thinking,7
1442,1442,cucumber,3
1443,1443,html_and_css_workshops,1
1444,1444,sharepoint_2013,1
1445,1445,agile_testing,83
1446,1446,unix,7
1447,1447,aws,27
1448,1448,wordpress_themes,35
1449,1449,landlords,1
1450,1450,book_publishing,1
1451,1451,neuroscience,5
1452,1452,career_network,4
1453,1453,doctrine,1
1454,1454,scrum_alliance,3
1455,1455,machine_vision,4
1456,1456,technical_recruiting,2
1457,1457,jira,6
1458,1458,automotive,2
1459,1459,d_programming_language,1
1460,1460,video_game_writing,2
1461,1461,event_sourcing,1
1462,1462,rich_internet_applications,31
1463,1463,web_analysts,1
1464,1464,interactive_fiction,1
1465,1465,photojournalism,1
1466,1466,christian_business_principles,1
1467,1467,ruby_on_rails,46
1468,1468,being_a_leader,1
1469,1469,mariadb,2
1470,1470,pbx,1
1471,1471,medication_adherence/compliance,1
1472,1472,music_&_sound,1
1473,1473,entreprenuers,1
1474,1474,social_video,1
1475,1475,nonprofit_technology,5
1476,1476,wordpress_developers,24
1477,1477,opencart,1
1478,1478,power_query,2
1479,1479,online_education_&_technology_for_educators_and_hr,2
1480,1480,free_software_and_hardware,1
1481,1481,clinical_research,1
1482,1482,storytelling,10
1483,1483,the_4-hour_workweek,1
1484,1484,behaviour_driven_testing,8
1485,1485,unreal_development_kit,1
1486,1486,inbound_marketing,2
1487,1487,high-functioning_autism,1
1488,1488,web_gl,1
1489,1489,getting_started_with_mobile_development,1
1490,1490,blackberry_10_development,2
1491,1491,local_politics,3
1492,1492,getchef,2
1493,1493,search_engine_optimisation,1
1494,1494,craft_commerce,1
1495,1495,lorawan,3
1496,1496,power_bi,4
1497,1497,mobile_game_development,23
1498,1498,tableau_software,1
1499,1499,ending_poverty,1
1500,1500,olap,1
1501,1501,corporate_social_responsibility,2
1502,1502,meteor,10
1503,1503,open_coffee,1
1504,1504,cosplay,3
1505,1505,software_development_on_new_technology_(vnext.org),1
1506,1506,nottingham,1
1507,1507,mule,3
1508,1508,industrie_4.0,1
1509,1509,couchdb,2
1510,1510,influxdb,1
1511,1511,mongodb,28
1512,1512,decentralization,20
1513,1513,networking_for_christian_professionals_in_business,1
1514,1514,software_testing,45
1515,1515,it_management,1
1516,1516,app_developer_and_designer_resources,1
1517,1517,autocad,2
1518,1518,communication_skills,5
1519,1519,business_analysis,7
1520,1520,ladies_who_code,2
1521,1521,systems_analysis,1
1522,1522,owl,4
1523,1523,ethical_hacking,3
1524,1524,digital_thinking,1
1525,1525,appdynamics,1
1526,1526,lifestyle_bloggers,1
1527,1527,maya,1
1528,1528,uk_sql_groups,2
1529,1529,computer_and_information_network_security,4
1530,1530,ui/ux_design,26
1531,1531,dev_ops,5
1532,1532,ado.net_entity_framework,1
1533,1533,nodeschool,2
1534,1534,storage,2
1535,1535,woodworking,2
1536,1536,adobe_aem,2
1537,1537,outsourcing,2
1538,1538,finance,16
1539,1539,app_coding,1
1540,1540,lifestyle_design,1
1541,1541,sound_therapy_&_healing,1
1542,1542,prince2,3
1543,1543,hmi_human_machine_interface,9
1544,1544,visual_effects,5
1545,1545,contractors,2
1546,1546,cognitive_science,3
1547,1547,moon,1
1548,1548,saas_operations_best_practices,1
1549,1549,sap_successfactors,1
1550,1550,digital_currency,51
1551,1551,openstack,40
1552,1552,lamp,18
1553,1553,technical_writers,1
1554,1554,jobs,3
1555,1555,nodejs,67
1556,1556,lean,17
1557,1557,email_campaign_marketing,1
1558,1558,accounting_software,1
1559,1559,organization_development,3
1560,1560,wordpress_training,12
1561,1561,unmanned_vehicles,3
1562,1562,travel_enthusiasts,1
1563,1563,computer_science,41
1564,1564,online_communication,1
1565,1565,high-tech_ventures,1
1566,1566,linkedin_training,1
1567,1567,nonprofit_marketing,4
1568,1568,single_page_applications,2
1569,1569,web_strategy,1
1570,1570,map_reading,1
1571,1571,drupal_users,9
1572,1572,big_data-hadoop,2
1573,1573,messaging_systems,5
1574,1574,enterprise_resource_planning,2
1575,1575,national_politics,1
1576,1576,network_security,39
1577,1577,ios_platform,4
1578,1578,accountant,1
1579,1579,avinash_kaushik,2
1580,1580,building_your_mvp:_minimum_viable_product,1
1581,1581,food_bloggers,2
1582,1582,full_stack_development,3
1583,1583,human-centered_design,4
1584,1584,restful,1
1585,1585,women_startups,1
1586,1586,conversion_optimization,3
1587,1587,demandware,2
1588,1588,front-end_engineering,4
1589,1589,e-commerce_-_internet_marketing,5
1590,1590,business_growth,1
1591,1591,clustering,1
1592,1592,technical_architecture,3
1593,1593,stem,1
1594,1594,landlords_gains_without_the_headaches,1
1595,1595,smartband,1
1596,1596,adventure,4
1597,1597,sql_server,25
1598,1598,create_positive_change,1
1599,1599,digital_asset_management,2
1600,1600,bath,1
1601,1601,emergency_preparedness,1
1602,1602,opendaylight,1
1603,1603,distributed_systems,23
1604,1604,social_sector,1
1605,1605,e-learning_systems,2
1606,1606,creative_coding,9
1607,1607,coffee_and_tea_socials,1
1608,1608,embedded_systems,13
1609,1609,algorithms,8
1610,1610,outsourcing_your_it,2
1611,1611,international_and_exchange_students,1
1612,1612,travel_start-ups,1
1613,1613,sitecore_cms,2
1614,1614,internet_talk_radio,2
1615,1615,peer_to_peer_advisory,1
1616,1616,people_helping_people,4
1617,1617,multiplayer_games,1
1618,1618,social_networks_analysis,1
1619,1619,change_management,2
1620,1620,spanish_culture,1
1621,1621,agile_and_scrum,13
1622,1622,financial_services,10
1623,1623,distributed_programming_in_java,3
1624,1624,behaviour_driven_development,3
1625,1625,news,2
1626,1626,eclipse_plugin_development,1
1627,1627,blender,1
1628,1628,coffee_&_books,1
1629,1629,graphic_design_students,1
1630,1630,productivity,1
1631,1631,microcontroler_and_electronics_designers,3
1632,1632,ovirt,1
1633,1633,android_app_architecture,3
1634,1634,professional_engineer,3
1635,1635,pyladies,1
1636,1636,management_and_leadership,1
1637,1637,graphic_recording,1
1638,1638,refactoring,1
1639,1639,the_internet_society,1
1640,1640,webmasters,1
1641,1641,omniture,2
1642,1642,infrastructure,2
1643,1643,ajax,3
1644,1644,makerspaces,65
1645,1645,asp.net,26
1646,1646,opengl_es,1
1647,1647,local_heritage,2
1648,1648,single_seniors_socializing,1
1649,1649,digitale_transformation,1
1650,1650,3dr,1
1651,1651,metadata,4
1652,1652,office_managers,1
1653,1653,figure_drawing,1
1654,1654,sql_server_data_mining,5
1655,1655,logistics,1
1656,1656,emerging_technologies,5
1657,1657,animation,12
1658,1658,contemporary_music,1
1659,1659,getting_things_done,1
1660,1660,java_concurrency,6
1661,1661,wordpress,60
1662,1662,instech,1
1663,1663,interaction_design,106
1664,1664,music_industry,2
1665,1665,twig,3
1666,1666,unikernel,3
1667,1667,content_delivery,2
1668,1668,knitting,2
1669,1669,windows_mobile,3
1670,1670,automate_supply_chain_operations,2
1671,1671,it,6
1672,1672,blackberry_web_development,1
1673,1673,internet_communication_technology,3
1674,1674,selling_on_ebay_worldwide,2
1675,1675,fishing,1
1676,1676,agile_transformation,78
1677,1677,creative_design,3
1678,1678,statistics_and_trends,1
1679,1679,pixologic_zbrush,2
1680,1680,recruiting_and_hiring,5
1681,1681,machine-to-machine,6
1682,1682,b2b_sales,1
1683,1683,business_startup,8
1684,1684,sell-side_platform,1
1685,1685,project_management_tools,12
1686,1686,longboarding,1
1687,1687,phd,1
1688,1688,data_center_and_operations_automation,64
1689,1689,accessible_web_design,6
1690,1690,microsoft_azure,9
1691,1691,management,4
1692,1692,php5,2
1693,1693,biotechnology_industry_organization,1
1694,1694,society,1
1695,1695,css/next,2
1696,1696,ebay_seller,7
1697,1697,chronic_diseases,1
1698,1698,personal_stories_and_perspectives,1
1699,1699,trak,1
1700,1700,building_filemaker_databases,1
1701,1701,product_design,94
1702,1702,data_grid,1
1703,1703,business_process_improvement,4
1704,1704,educational_apps,2
1705,1705,online_retailers,7
1706,1706,oculus_rift,26
1707,1707,machine_learning,210
1708,1708,database_direct_marketing,1
1709,1709,internet_&_social_media,4
1710,1710,agile_design,1
1711,1711,common_lisp,3
1712,1712,akka,4
1713,1713,community,5
1714,1714,text_processing,1
1715,1715,ibm_smartcloud,1
1716,1716,email_marketing_2.0,2
1717,1717,web_programming,10
1718,1718,ux_strategy,4
1719,1719,cloud_infrastructure,2
1720,1720,intellectual_property,4
1721,1721,using_twitter_for_business,3
1722,1722,stay-at-home_moms,1
1723,1723,excel_2010,1
1724,1724,historic_preservation,1
1725,1725,work_at_home,2
1726,1726,copyleft,1
1727,1727,arduino_and_robotics,12
1728,1728,space_flight,1
1729,1729,mentor,2
1730,1730,iaas_(infrastructure_as_a_service),62
1731,1731,digital_journalism,5
1732,1732,engineers,2
1733,1733,freelance,12
1734,1734,arduino,73
1735,1735,expat_spanish,1
1736,1736,business_process_modeling_notation,1
1737,1737,a11y,1
1738,1738,programmatic_selling,1
1739,1739,programming_with_html_css_php_mysql,3
1740,1740,six_sigma,2
1741,1741,federated_discovery_of_big_data,1
1742,1742,risk_assessment,2
1743,1743,personal_privacy_issues,4
1744,1744,workplace_democracy,1
1745,1745,screenwriting,1
1746,1746,anarcho_capitalism,1
1747,1747,seo_for_local_business,3
1748,1748,magento_designers,8
1749,1749,video_game_development,25
1750,1750,latino_culture,1
1751,1751,retro_games,1
1752,1752,wearable_technologies,30
1753,1753,open_space,1
1754,1754,data_science,224
1755,1755,graph_theory,2
1756,1756,cybersecurity,40
1757,1757,html5_application_development,1
1758,1758,business_start_up,1
1759,1759,internet_radio,2
1760,1760,cfml,1
1761,1761,typescript,2
1762,1762,game_music,1
1763,1763,mobile_marketing_and_advertising,1
1764,1764,retouching,1
1765,1765,product_marketing,8
1766,1766,happiness,2
1767,1767,ebay_selling,3
1768,1768,social_networking_for_software_developers,2
1769,1769,joomla_extension_development,1
1770,1770,fisheye,3
1771,1771,polish_language,1
1772,1772,functional_and_regression_testing,3
1773,1773,agile_project_management,217
1774,1774,lean_startup,168
1775,1775,continuous_testing,2
1776,1776,wandsworth,1
1777,1777,incubator,1
1778,1778,elixir,5
1779,1779,scala_programming,9
1780,1780,php_women,2
1781,1781,simulations,2
1782,1782,foosball,1
1783,1783,citizen_science,3
1784,1784,hybrid_cloud,3
1785,1785,competition,1
1786,1786,podcasting,9
1787,1787,innovation_professionals,1
1788,1788,wordpress_seo,16
1789,1789,wordpress_for_business,24
1790,1790,ai_and_society,1
1791,1791,local_activities,2
1792,1792,tv_journalism,1
1793,1793,finance_professionals,9
1794,1794,angular_2,3
1795,1795,jewelry_making,1
1796,1796,adobe_flash,2
1797,1797,landlording_tips,1
1798,1798,git,5
1799,1799,storage_virtualization,2
1800,1800,lawyers_business_networking,1
1801,1801,ibm,2
1802,1802,group_facilitators,1
1803,1803,sql_server_integration_services,6
1804,1804,elixir_programming,7
1805,1805,apache_spark,27
1806,1806,audio,2
1807,1807,wordpress_small_business_web_sites,18
1808,1808,cyber-physical_systems,1
1809,1809,sharepoint_administrators,2
1810,1810,itk,1
1811,1811,business_development,3
1812,1812,civictech,1
1813,1813,business_mentoring,1
1814,1814,technological_singularity,9
1815,1815,digital_content_strategy,5
1816,1816,fda_requirements_for_medical_device,1
1817,1817,geospatial_technologies,3
1818,1818,hcatalog,1
1819,1819,airbnb,1
1820,1820,social_media_and_videos,1
1821,1821,seo_for_small_businesses,6
1822,1822,public_sector_innovation,1
1823,1823,drupal_8,2
1824,1824,creative_writing,1
1825,1825,autodesk,1
1826,1826,altcoin,2
1827,1827,android_app_design,5
1828,1828,quantum_computing,2
1829,1829,small_business_bookkeeping,1
1830,1830,mobile_commerce,2
1831,1831,udk_development,1
1832,1832,science_technology_engineering_math,7
1833,1833,historic_locations_and_people,2
1834,1834,digital_activism,1
1835,1835,pebble,1
1836,1836,user_interface_design,32
1837,1837,entertainment_industry,1
1838,1838,active_seniors,1
1839,1839,google_adwords,3
1840,1840,business_transformation,1
1841,1841,sk8,1
1842,1842,nutrition,1
1843,1843,c/c++,10
1844,1844,mechanical_engineering,3
1845,1845,excel,2
1846,1846,online_reputation_management,2
1847,1847,opscode_chef,8
1848,1848,visualization,3
1849,1849,licensing_your_ideas_and_product,3
1850,1850,datomic,3
1851,1851,assistive_technology,1
1852,1852,rebasing,1
1853,1853,youtube_marketing,1
1854,1854,windows_azure_platform,23
1855,1855,cloud_security,39
1856,1856,web_television,2
1857,1857,learn_programming,8
1858,1858,affiliate_marketing_(ecommerce),1
1859,1859,web_services,10
1860,1860,silverlight,2
1861,1861,team_building,2
1862,1862,3d_modeling,30
1863,1863,ui_design,68
1864,1864,surveillance,1
1865,1865,red_hat_jboss_middleware,1
1866,1866,obiee,2
1867,1867,css3,9
1868,1868,dj_events,1
1869,1869,aws_design_implementation_and_servicing,14
1870,1870,professional_journalism,1
1871,1871,science,8
1872,1872,visual_studio,4
1873,1873,applied_math,4
1874,1874,space_science,3
1875,1875,microsoft_sharepoint_technology,7
1876,1876,for_the_people,1
1877,1877,enterprise_agility,1
1878,1878,oracle,14
1879,1879,css,52
1880,1880,table_football,1
1881,1881,game_programming,32
1882,1882,iot_hacking,37
1883,1883,cpa_marketing,1
1884,1884,m2m_devices,12
1885,1885,bitcoin_traders,1
1886,1886,force.com,11
1887,1887,artificial_intelligence_applications,41
1888,1888,play_framework,6
1889,1889,elasticsearch,12
1890,1890,electronics_mechanics_engineering_design,1
1891,1891,social_media_education,1
1892,1892,salesforce_training,4
1893,1893,haxe_programming,2
1894,1894,stunt_kites,1
1895,1895,augmented/mixed_reality,3
1896,1896,computer_security,46
1897,1897,internet_advertising_and_marketing,1
1898,1898,quantum_physics,1
1899,1899,agile_ux,15
1900,1900,javascript_frameworks,85
1901,1901,photogrametry_&_remote_sensing,2
1902,1902,programmatic_media_buying,1
1903,1903,geospatial,4
1904,1904,prometheus,3
1905,1905,big_data_developers,1
1906,1906,disruptive_techies_&_thinkers_making_a_difference,2
1907,1907,progressive_web_apps,1
1908,1908,health_professionals,4
1909,1909,predictive_modeling,3
1910,1910,industrial_design,9
1911,1911,oracle_database_administration,2
1912,1912,cartography,4
1913,1913,women_who_code,5
1914,1914,coffee,3
1915,1915,how_do_i_do_[fill_in_the_blank]_with_filemaker,1
1916,1916,industrial_networking,9
1917,1917,perl_scripting,2
1918,1918,peace_and_security,1
1919,1919,retail_professionals,1
1920,1920,card_games,1
1921,1921,networking_in_lxc,1
1922,1922,czech_language,1
1923,1923,geek_girls,1
1924,1924,playtesting,1
1925,1925,fashion_entrepreneurs,4
1926,1926,using_technology_to_scale_your_business,2
1927,1927,ubiquitious_language,1
1928,1928,clean_technology,8
1929,1929,tech_savvy_entrepreneurs,4
1930,1930,mobile_startups,3
1931,1931,knowledge_sharing,57
1932,1932,kong_layer,1
1933,1933,hardware_hacking_and_reverse_engineering,8
1934,1934,cross-platform_mobile,1
1935,1935,monetization,2
1936,1936,voip_and_technology,3
1937,1937,research_&_development_engineer,1
1938,1938,genomics,4
1939,1939,enterprise_mobility,1
1940,1940,technology,350
1941,1941,digital_transformation,3
1942,1942,concurrency,1
1943,1943,adobe_illustrator,3
1944,1944,international_travel,1
1945,1945,retirement:_a_time_for_life_expansion_&_creativity,1
1946,1946,scrum,118
1947,1947,lync,1
1948,1948,canvas,1
1949,1949,ux_and_sustainable_web_design,3
1950,1950,personal_robots,1
1951,1951,adult/teens_with_asperger/spectrum_disorders,1
1952,1952,living_with_disabilities,1
1953,1953,girl_develop_it,2
1954,1954,parent_blogging,1
1955,1955,independent_agency_trading_desk(s),1
1956,1956,website_development,4
1957,1957,meeting_old_friends_and_making_new_friends,1
1958,1958,ansible,10
1959,1959,bigdatadevelopers,2
1960,1960,women_in_leadership,1
1961,1961,tool_box_for_landlords,1
1962,1962,indie_publishing,1
1963,1963,life_sciences,6
1964,1964,application_lifecycle_management,2
1965,1965,agency_trading_desk_advertising,1
1966,1966,web_operations,6
1967,1967,artificial_intelligence,129
1968,1968,content_curation,1
1969,1969,designers,4
1970,1970,frontend,2
1971,1971,learn_computer_programming,2
1972,1972,wireless,2
1973,1973,university_students,2
1974,1974,solr,7
1975,1975,career_&_business,1
1976,1976,furniture_design,3
1977,1977,new_testing_techniques,1
1978,1978,microfinance,1
1979,1979,podcasting_conversation,3
1980,1980,poland,1
1981,1981,it_accessibility,1
1982,1982,webdriver,6
1983,1983,service_management,1
1984,1984,gaming,13
1985,1985,web_application_development,10
1986,1986,software_modeling,2
1987,1987,wheelchair,1
1988,1988,london_parties,1
1989,1989,email_&_ecommerce_marketing,1
1990,1990,healthcare_solutions,7
1991,1991,technology_channel_sales,1
1992,1992,clusterhq,1
1993,1993,ecommerce_workshops,3
1994,1994,how_to_make_money_in_network_marketing,1
1995,1995,rubymotion,1
1996,1996,b2b,2
1997,1997,drupal_7,5
1998,1998,agile_business_analysts,8
1999,1999,debate,1
2000,2000,black_women,2
2001,2001,unemployment_support,1
2002,2002,redhat_-_openstack,2
2003,2003,the_cloud,5
2004,2004,erp_software,4
2005,2005,software_product_management,20
2006,2006,direct_marketing,1
2007,2007,crypto-capitalism,1
2008,2008,monero,1
2009,2009,hobby_electronics,3
2010,2010,social_software,1
2011,2011,objective_c,19
2012,2012,behavior-change,1
2013,2013,javascript_toolkits,1
2014,2014,rapid_prototyping,7
2015,2015,software_configuration_management,1
2016,2016,gesture_control,1
2017,2017,low-code,1
2018,2018,etsy,1
2019,2019,product_launch,2
2020,2020,javascript_libraries,44
2021,2021,software_development_technologies,11
2022,2022,zachman,2
2023,2023,mobile_marketing,17
2024,2024,brainstorming_ideas,2
2025,2025,organic_search_engine_optimization,2
2026,2026,it_professionals,61
2027,2027,hacking,122
2028,2028,end_poverty,3
2029,2029,hive,9
2030,2030,technology_startups,329
2031,2031,multiplatform,3
2032,2032,visualisation,1
2033,2033,internet_security,2
2034,2034,service_oriented_architectures,5
2035,2035,spaceflight,1
2036,2036,girls_in_tech,5
2037,2037,vdi_-_virtual_desktop_infrastructure,1
2038,2038,kaizen,1
2039,2039,assist_new_business_start_ups,1
2040,2040,playbook,1
2041,2041,smartbands,1
2042,2042,visual_thinking,2
2043,2043,non-fiction_storytelling:_spin_a_true_tale,1
2044,2044,zimbra,1
2045,2045,cinema_4d,1
2046,2046,rails,2
2047,2047,helping_non-profits,3
2048,2048,network_marketing_skills,1
2049,2049,tableau,3
2050,2050,outdoor__fitness,1
2051,2051,powershell,8
2052,2052,algorithmic_trading,6
2053,2053,email_security,1
2054,2054,bluetooth_low_energy,4
2055,2055,webgl,6
2056,2056,ibm_bluemix,1
2057,2057,search_engines,7
2058,2058,hortonworks,1
2059,2059,track_events,1
2060,2060,banking,15
2061,2061,offering_hope_&_support_to_the_homeless_community,1
2062,2062,dji_phantom,1
2063,2063,professionals_of_information_technology,2
2064,2064,sw_london,1
2065,2065,ping_identity,1
2066,2066,graphic_design_professionals,3
2067,2067,bamboo,2
2068,2068,teaching_of_programming,1
2069,2069,modeling,2
2070,2070,learn_wordpress,4
2071,2071,sql_server_2014,1
2072,2072,apex_development,7
2073,2073,haskell,19
2074,2074,amateur_satellite_communications,1
2075,2075,product_&_service_innovation,1
2076,2076,kdb+,3
2077,2077,technology_and_crisis_response,2
2078,2078,algorithms_and_computational_theory,2
2079,2079,digital_marketing,48
2080,2080,anatomy,1
2081,2081,aerial_cinematography,1
2082,2082,business_process_management_systems,3
2083,2083,tablets,1
2084,2084,meet_your_neighborhood_linux_users.,1
2085,2085,bayesian_probability,2
2086,2086,magic_leap,1
2087,2087,development_using_postgresql,1
2088,2088,ted_conference_discussion_group,1
2089,2089,dancing,1
2090,2090,computer_vision,10
2091,2091,salesforce.com_crm,5
2092,2092,business_owners,2
2093,2093,copywriting,6
2094,2094,cocoa_programming_language,3
2095,2095,international_politics,1
2096,2096,microsoft_office,1
2097,2097,graduate_students,4
2098,2098,email_deliverability,1
2099,2099,improvising_with_music_and_sound_and_instruments,1
2100,2100,skateboarding,1
2101,2101,networking_in_the_fashion_industry,1
2102,2102,hobbyists,1
2103,2103,c_sharp,4
2104,2104,chinese_culture,2
2105,2105,office_365,6
2106,2106,internet_entrepreneurs,1
2107,2107,sql_server_reporting_services,7
2108,2108,social_networking,80
2109,2109,c#.net,7
2110,2110,gtug,2
2111,2111,conversion,2
2112,2112,law_practice,2
2113,2113,database_professionals,42
2114,2114,investment_banking,2
2115,2115,fashion_shows,1
2116,2116,what_is_bitcoin,4
2117,2117,"women_""startup""_entrepreneurs",2
2118,2118,online_gaming,2
2119,2119,travel__&_train_travel,1
2120,2120,expression_engine,1
2121,2121,salesforce.com_admins,5
2122,2122,ethical_hacker,26
2123,2123,hybrid_erp,1
2124,2124,linux_training,1
2125,2125,public_radio,1
2126,2126,smarter_cities,2
2127,2127,avoid_fear_of_public_speaking,1
2128,2128,analytics,13
2129,2129,mysql_replication,1
2130,2130,food_justice,1
2131,2131,facebook_apps,1
2132,2132,selenium,15
2133,2133,swug,1
2134,2134,singing,1
2135,2135,print_making,1
2136,2136,internet_technology_professionals_&_startups,8
2137,2137,personal_achievement,1
2138,2138,apps_for_smart_cities,2
2139,2139,kinect_hacks,1
2140,2140,mobile_learning,2
2141,2141,multimedia_design,2
2142,2142,prestashop,1
2143,2143,beginner_html_css,1
2144,2144,blockchain,49
2145,2145,html/next,1
2146,2146,maker_faire,3
2147,2147,spirituality,1
2148,2148,hardware_club,1
2149,2149,selling_on_ebay,3
2150,2150,ted,1
2151,2151,artificial_intelligence_programming,20
2152,2152,ruby_on_rails_amazon_web_services,2
2153,2153,social_networking_campaigns,1
2154,2154,creative_thinking,3
2155,2155,internet_affiliate_marketing,1
2156,2156,government,3
2157,2157,smart_sensors,55
2158,2158,open_standards,2
2159,2159,hyper-v,1
2160,2160,basics_of_iphone_app_development,3
2161,2161,data_science_&_business_architecture,3
2162,2162,online_news_association,1
2163,2163,how_to_market_your_business_through_blogging,8
2164,2164,data_integration,6
2165,2165,natural_language_processing,36
2166,2166,ecommerce_marketing,19
2167,2167,programming_language_theory,2
2168,2168,charity,6
2169,2169,perl,4
2170,2170,leicester,1
2171,2171,indians,1
2172,2172,time_management,1
2173,2173,edupunk,1
2174,2174,humanoid_robots,3
2175,2175,phpunit,1
2176,2176,api_documentation,4
2177,2177,cleanweb,2
2178,2178,fault-tolerance,2
2179,2179,ham_radio,1
2180,2180,engineering_leadership,3
2181,2181,distributed_computing,4
2182,2182,product_development,55
2183,2183,hospitality_&_tourism,1
2184,2184,web_design_and_development,10
2185,2185,search_engine_marketing,14
2186,2186,parse,1
2187,2187,watir,1
2188,2188,libertarian,2
2189,2189,cultural_heritage,2
2190,2190,3d_prototyping_/_printing,1
2191,2191,environmental_awareness,1
2192,2192,games,16
2193,2193,scada_and_industrial_controls_security,11
2194,2194,javascript_testing,6
2195,2195,web_analytics_wednesdays,2
2196,2196,social_technology,2
2197,2197,start-up,5
2198,2198,northern_ireland,1
2199,2199,linux,100
2200,2200,over_60+_social_club,2
2201,2201,legal,2
2202,2202,stategic_hr,2
2203,2203,life_coaching,2
2204,2204,scala_lift,2
2205,2205,bpmn,2
2206,2206,quantitative_trading,5
2207,2207,android_app_marketing,6
2208,2208,building_drones,1
2209,2209,writing,4
2210,2210,digital_product_marketing,1
2211,2211,babok,1
2212,2212,christian_ministry,2
2213,2213,experimental_music,1
2214,2214,3d_gaming,13
2215,2215,virtual_world,8
2216,2216,software_accessibility,1
2217,2217,storytelling_podcasts,3
2218,2218,social_gaming,1
2219,2219,powerpivot,1
2220,2220,commodities_and_futures,1
2221,2221,fiction,1
2222,2222,network_architecture,1
2223,2223,smartphone,1
2224,2224,service_design,19
2225,2225,trains,1
2226,2226,kong,2
2227,2227,radio_control,1
2228,2228,videography,2
2229,2229,new_product_development_model_for_medical_device,1
2230,2230,ember_js,5
2231,2231,information_science,1
2232,2232,ruby_on_rails_scalability,4
2233,2233,3dsmax,1
2234,2234,technology_and_design,1
2235,2235,health_2.0,6
2236,2236,.net_gadgeteer,1
2237,2237,google_glass,2
2238,2238,digital_video,11
2239,2239,exercise,3
2240,2240,customer_success,6
2241,2241,alfresco_software,1
2242,2242,varnish_cache,1
2243,2243,health_informatics,1
2244,2244,coffeehouse,1
2245,2245,ruby_on_rails_4,1
2246,2246,female_entrepreneurs,2
2247,2247,red_hat_enterprise_linux_(rhel),1
2248,2248,it_directors,1
2249,2249,sap_enterprise_solutions,1
2250,2250,filemaker_go,1
2251,2251,software_optimization,1
2252,2252,speech_recognition,3
2253,2253,google_apps,8
2254,2254,time_management_&_personal_productivity,2
2255,2255,sensors,23
2256,2256,kong_api_management,1
2257,2257,cg_artists,10
2258,2258,learn_python_the_hard_way,1
2259,2259,ibeacon,2
2260,2260,corporate_storytelling,1
2261,2261,mbed_developers,1
2262,2262,gambling,3
2263,2263,open_source_analytics,1
2264,2264,seo_for_small_to_medium_sized_businesses,5
2265,2265,supply_chain_performance_&_kpis,2
2266,2266,new_experiences,1
2267,2267,how_to_design_a_quality_system_for_a_start_up,1
2268,2268,kinect,3
2269,2269,agile_journey,1
2270,2270,network_marketing,3
2271,2271,talent_management,1
2272,2272,agriculture,1
2273,2273,google_polymer,2
2274,2274,mathematical_modelling,3
2275,2275,energy_efficiency_&_renewable_power,1
2276,2276,predictive_analytics,163
2277,2277,gpu,3
2278,2278,social_media_for_public_diplomacy,1
2279,2279,networking_your_network_marketing_business,1
2280,2280,lego,1
2281,2281,business_intelligence_tools_and_technology,10
2282,2282,php_framework,15
2283,2283,facebook,9
2284,2284,continuous_integration,24
2285,2285,sharing,2
2286,2286,robotics_competition,1
2287,2287,money,15
2288,2288,sas_software,1
2289,2289,college_students,1
2290,2290,biohack,1
2291,2291,smart_meters,1
2292,2292,blog_marketing,6
2293,2293,content_management_systems,4
2294,2294,open_source_tools,2
2295,2295,"data_center,_virtualization",1
2296,2296,test_data_management,1
2297,2297,learning_drupal,16
2298,2298,conscious_entrepreneurs,1
2299,2299,behavioral_change,1
2300,2300,housing,1
2301,2301,electronic_engineering,1
2302,2302,disruptive_thinkers,1
2303,2303,insurance_agents,2
2304,2304,google_chrome,3
2305,2305,cyber_safety,3
2306,2306,smart_home,21
2307,2307,inclusion,1
2308,2308,business_intelligence_data_warehousing,8
2309,2309,app_designers,3
2310,2310,swift_language,13
2311,2311,israel_hightech,1
2312,2312,drones,8
2313,2313,coldfusion_coding,1
2314,2314,open_knowledge,1
2315,2315,project_support,1
2316,2316,homeless_outreach,1
2317,2317,seed_funding,4
2318,2318,social_augmented_reality,13
2319,2319,episerver,3
2320,2320,joomla!_template_design,1
2321,2321,splunk,1
2322,2322,computer_repair,1
2323,2323,free_knowledge,1
2324,2324,software_qa_tools,2
2325,2325,retro,1
2326,2326,sculpture,1
2327,2327,job_interview_prep,1
2328,2328,semantic_technologies,4
2329,2329,google,17
2330,2330,uk_software_developers,2
2331,2331,consumer_insights,1
2332,2332,idris,1
2333,2333,google_web_toolkit_(gwt),2
2334,2334,leap_motion,1
2335,2335,statistical_modeling,5
2336,2336,online,1
2337,2337,amazon_simple_storage_service_(amazon_s3),1
2338,2338,digital_access,2
2339,2339,smalltalk_programming,1
2340,2340,cities,1
2341,2341,agile_enterprise,1
2342,2342,internet_startup_idea_group,1
2343,2343,cloud_native,1
2344,2344,how_to_positively_impact_1billion_people,1
2345,2345,apple/macintosh_technology,1
2346,2346,mindset,1
2347,2347,friendship_and_socialising,2
2348,2348,columnar_databases,1
2349,2349,private_cloud,3
2350,2350,oroplatform,2
2351,2351,adobe_indesign,3
2352,2352,drupal_websites,4
2353,2353,content,7
2354,2354,seminars,1
2355,2355,video_game_design,24
2356,2356,study,2
2357,2357,business_leaders,1
2358,2358,financial_institutions,1
2359,2359,code_katas,4
2360,2360,telephony_as_a_service,1
2361,2361,exam_preparation,1
2362,2362,application_programming_interface,9
2363,2363,tessel,2
2364,2364,music_production,3
2365,2365,online_journalism,1
2366,2366,design_for_manufacturing,2
2367,2367,sharepoint_technologies,4
2368,2368,math,3
2369,2369,creative_cloud,1
2370,2370,startup_accelerators,3
2371,2371,community_participation,1
2372,2372,digital_design,4
2373,2373,openflow,1
2374,2374,information_dashboard,2
2375,2375,quality_assurance,30
2376,2376,semantic_web,5
2377,2377,saltwater_fishing,1
2378,2378,ux_/_ui_design,7
2379,2379,sem_for_magento,5
2380,2380,neo4j,8
2381,2381,aeronautical_engineering,1
2382,2382,playtesters,1
2383,2383,concrete5,1
2384,2384,marketing_analytics,4
2385,2385,natural_user_interfaces,1
2386,2386,multiplayer_gaming,1
2387,2387,magento,18
2388,2388,khronos_chapter,1
2389,2389,"twitter,_facebook,_linkedin",1
2390,2390,nativescript,1
2391,2391,leadership_soft_skills,1
2392,2392,coreos,3
2393,2393,computers,15
2394,2394,sharing_economy,2
2395,2395,collaboration,29
2396,2396,mobile_design_and_development,1
2397,2397,start_a_business,2
2398,2398,product_management_in_agile,21
2399,2399,sustainability,7
2400,2400,microstrategy,1
2401,2401,kite,1
2402,2402,doctors,2
2403,2403,hackers_and_makers,9
2404,2404,functional_programming_in_f#,1
2405,2405,changing_self_limiting_beliefs,1
2406,2406,ocean_lovers,1
2407,2407,home-based_business,1
2408,2408,texturing,2
2409,2409,sitecore,3
2410,2410,entrepreneur_networking,63
2411,2411,tibco_spotfire,1
2412,2412,apex,9
2413,2413,social_recruitment,1
2414,2414,software_design,9
2415,2415,free_software,1
2416,2416,financial_services_and_legal_support_startups,1
2417,2417,south_africa,1
2418,2418,sql_server_azure,8
2419,2419,joomla,3
2420,2420,open_hardware,1
2421,2421,civic_engagement,2
2422,2422,railo,2
2423,2423,online_tv,1
2424,2424,android_enthusiasts,8
2425,2425,freelancer_networking,3
2426,2426,business_analysis_tools_and_techniques,3
2427,2427,self-improvement,34
2428,2428,xamarin,4
2429,2429,enterprise_integration,1
2430,2430,microsoft_excel_vba,2
2431,2431,campaigns,1
2432,2432,python/linux_devop,8
2433,2433,"html,_xhtml,_css_&_javascript",8
2434,2434,erp_cloud,2
2435,2435,buddy,1
2436,2436,website_design,8
2437,2437,connected_cars,2
2438,2438,queer_community,1
2439,2439,saas_(software_as_a_service),86
2440,2440,ubuntu,7
2441,2441,jboss_application_server,4
2442,2442,business_model_innovation,3
2443,2443,content_marketing,18
2444,2444,data_scientist,3
2445,2445,html5,129
2446,2446,comedy,2
2447,2447,awareness,2
2448,2448,quad_copters,1
2449,2449,project_management_coaching,1
2450,2450,software_defined_networking,5
2451,2451,google_plus,2
2452,2452,financial_forecasting,1
2453,2453,customer_service,5
2454,2454,osgi,1
2455,2455,video_games,20
2456,2456,golang_programming_language,5
2457,2457,ideas_to_inspire_more_ideas,1
2458,2458,talent_aqcuisition,1
2459,2459,nonprofit_networking,1
2460,2460,scrum_in_real_world,10
2461,2461,mobile_technology,315
2462,2462,mobile_product_management,6
2463,2463,squeak,1
2464,2464,websocket,2
2465,2465,swift,5
2466,2466,reinventing_business,1
2467,2467,information_visualization,1
2468,2468,niches_and_trends_with_affiliate_marketing,1
2469,2469,digital_marketing_workshop,4
2470,2470,social_media_marketing,58
2471,2471,ios_application_security,1
2472,2472,project_portfolio_management,2
2473,2473,document_databases,2
2474,2474,java_server_side,5
2475,2475,alfresco,2
2476,2476,leadership,13
2477,2477,raspberry_pi,33
2478,2478,e-learning,3
2479,2479,creative_with_photoshop,1
2480,2480,fintech_evolution,7
2481,2481,gay_professionals,1
2482,2482,game_art,5
2483,2483,information_technology,76
2484,2484,hackathons,26
2485,2485,building_the_sharing_economy,1
2486,2486,cost_reduction_and_outsourcing,1
2487,2487,bookkeepers/_accounting,1
2488,2488,riak,5
2489,2489,management_and_leadership_training,1
2490,2490,oauth,2
2491,2491,solution_architecture,5
2492,2492,poetry,1
2493,2493,saml,1
2494,2494,webinars,1
2495,2495,openstreetmap,3
2496,2496,beginner_php_programming,4
2497,2497,open_government,7
2498,2498,supercomputing,2
2499,2499,new_business_enablement,1
2500,2500,cross_mobile_development,4
2501,2501,british_television,1
2502,2502,masterminds,1
2503,2503,funding,2
2504,2504,stock_market_trading,1
2505,2505,crisismapping,2
2506,2506,tfs,2
2507,2507,limited_work_in_progress_(wip),1
2508,2508,content_management,14
2509,2509,business_referral_networking,15
2510,2510,couchbase,3
2511,2511,maps,2
2512,2512,parse.com,1
2513,2513,christian_social,2
2514,2514,behavior_driven_development,4
2515,2515,systems_automation_with_ruby,1
2516,2516,code_retreat,1
2517,2517,networking_for_marketing_professionals,3
2518,2518,angel_investors,10
2519,2519,diy_(do_it_yourself),36
2520,2520,how_to_sell_on_ebay,3
2521,2521,e-commerce_professionals,1
2522,2522,julia,2
2523,2523,sustainable_food,1
2524,2524,telecom_&_wireless_entrepreneurs,4
2525,2525,social_media_application,1
2526,2526,sustainable_cities,4
2527,2527,apache_pig,3
2528,2528,universal_design,1
2529,2529,test_groups,1
2530,2530,enterprise_2.0,1
2531,2531,technologists,2
2532,2532,sound_design,1
2533,2533,building_private_cloud_with_openstack,3
2534,2534,sharepoint_networking,1
2535,2535,cissp,2
2536,2536,sitecatalyst,1
2537,2537,ppc_-_paid_search,6
2538,2538,landlord_training,1
2539,2539,hosting,1
2540,2540,ddd,1
2541,2541,technology_strategy,1
2542,2542,compliance,5
2543,2543,mobile_device_management,1
2544,2544,advertising_and_pr,1
2545,2545,sharepoint_professionals,3
2546,2546,social_media_content,2
2547,2547,italian_language,1
2548,2548,js_backbone,1
2549,2549,sas,1
2550,2550,cryptocurrency,58
2551,2551,mac_user_group,2
2552,2552,php_cms,6
2553,2553,startup_life,1
2554,2554,windows_10_uwp_development,1
2555,2555,atlassian_toolset,6
2556,2556,software_development,1001
2557,2557,kairosdb,1
2558,2558,open_transactions,1
2559,2559,powerbi,1
2560,2560,cloud_storage_apis,2
2561,2561,business_rules,1
2562,2562,bluemix,2
2563,2563,seo_&_internet_marketing,2
2564,2564,computer_programming_c/c++,3
2565,2565,buy-side_platform,1
2566,2566,infosec,1
2567,2567,working_smarter,1
2568,2568,travel_blogging,4
2569,2569,community_organizations,5
2570,2570,spatial_data,8
2571,2571,salesforce_implementation,3
2572,2572,wireless_communications,7
2573,2573,selenium_software,3
2574,2574,graphical_user_interfaces,9
2575,2575,south_london,1
2576,2576,apache_flink,1
2577,2577,online_payments,1
2578,2578,crucible,3
2579,2579,marketing_measurement,2
2580,2580,human_resources,2
2581,2581,digital_fabrication,4
2582,2582,aws_programming_and_tools,15
2583,2583,wcag,4
2584,2584,spark,7
2585,2585,internet_professionals,202
2586,2586,business_to_business,1
2587,2587,small_business_accounting,1
2588,2588,sexual_education,1
2589,2589,etsy_sellers,4
2590,2590,mums_of_toddlers_and_infants,1
2591,2591,microsoft_dynamics_crm,5
2592,2592,golang,12
2593,2593,cq5,1
2594,2594,qa_tools_and_practices,6
2595,2595,flash_platform,1
2596,2596,free_culture,1
2597,2597,startup_businesses,261
2598,2598,b2b/b2c_content_strategy_for_online_marketing,1
2599,2599,finding_wholesale_items_to_sell_on_ebay,2
2600,2600,professional_blogging,5
2601,2601,best_practices_in_it/web_solutions_design_and_dev,4
2602,2602,audio_production,2
2603,2603,github,1
2604,2604,raising_capital,2
2605,2605,ar,1
2606,2606,outdoors,5
2607,2607,software_project_management,3
2608,2608,android_development,135
2609,2609,data_center_networking_and_design,9
2610,2610,hacking_together_art_design_and_code,2
2611,2611,ad_yield_optimizers,1
2612,2612,energy_efficiency,2
2613,2613,video_editing,3
2614,2614,jboss_user_group_(jbug),4
2615,2615,cryptoequity,2
2616,2616,scaled_agile,1
2617,2617,3d_printers,3
2618,2618,contribute_to_climate_change_action,1
2619,2619,humour,1
2620,2620,exploring_london,1
2621,2621,spring_framework,2
2622,2622,financial_engineering,4
2623,2623,biological_engineering,1
2624,2624,quantitative_analysis,6
2625,2625,telepresence,1
2626,2626,cognitive_computing,1
2627,2627,computational_linguistics,1
2628,2628,labview,1
2629,2629,legal_and_business,11
2630,2630,coaching_agile_teams,2
2631,2631,digital_artists,1
2632,2632,internet_e-commerce_professionals_&_startups,1
2633,2633,green_entrepreneurs,2
2634,2634,indie_game_development,3
2635,2635,sports_fan,4
2636,2636,windows_8_development,2
2637,2637,high_tech,3
2638,2638,advanced_sql_server,9
2639,2639,declarative_programming,1
2640,2640,local_food,1
2641,2641,cro,1
2642,2642,youth,2
2643,2643,laravel,12
2644,2644,coding_dojos,10
2645,2645,containers,23
2646,2646,retro_video_gaming,1
2647,2647,openframeworks,1
2648,2648,efficiency_and_organization,1
2649,2649,bluetooth_technology,2
2650,2650,media_production,1
2651,2651,ecosystem,1
2652,2652,codecademy,1
2653,2653,archimate,1
2654,2654,cultural_activities,2
2655,2655,android_development_training,2
2656,2656,payment_systems,7
2657,2657,scala_play_framework,4
2658,2658,supply_chain_strategy,2
2659,2659,"technology_(security,_audits)",4
2660,2660,netezza,1
2661,2661,audio_signal_processing,1
2662,2662,technical_evangelism,1
2663,2663,sap_business_intelligence,1
2664,2664,destructive_ideas,1
2665,2665,third_sector,2
2666,2666,inventors_group,1
2667,2667,tinkering,1
2668,2668,automated_trading,2
2669,2669,mobile_web_services,1
2670,2670,ruby_on_rails_testing,6
2671,2671,online_stores,1
2672,2672,language_&_culture,1
2673,2673,self_service_bi,2
2674,2674,doctrine2,1
2675,2675,free_speech,1
2676,2676,amazon_web_services,46
2677,2677,digital_media,77
2678,2678,orocommerce,2
2679,2679,stanford_machine_learning_course_cs_229,1
2680,2680,wolfram_language,1
2681,2681,smartwatches,4
2682,2682,web_content_strategy,1
2683,2683,ionic_framework,1
2684,2684,game_design,44
2685,2685,pharmaceutical_industry,3
2686,2686,human_rights,4
2687,2687,unity_3d,15
2688,2688,e-commerce,64
2689,2689,hacker_news,1
2690,2690,methods_of_upgrading_the_atlassian_suite!,2
2691,2691,fitness,6
2692,2692,italian_culture,1
2693,2693,apache_cordova,1
2694,2694,nordic_apis,1
2695,2695,social_issues,2
2696,2696,trends_and_forecasting,2
2697,2697,angularjs,35
2698,2698,faith,1
2699,2699,marketing_strategy,8
2700,2700,high_performance,1
2701,2701,database_design_&_development,3
2702,2702,game_production,14
2703,2703,reprap,3
2704,2704,getting_started_with_python,8
2705,2705,virtual_assistants,1
2706,2706,open_source_python,10
2707,2707,reporting,2
2708,2708,c#,50
2709,2709,fitness_professionals,1
2710,2710,metrics,5
2711,2711,online_advertising,6
2712,2712,lean_six_sigma,5
2713,2713,microsoft_excel,3
2714,2714,asp.net_mvc,18
2715,2715,how_to_automate_marketing_using_the_internet,1
2716,2716,oracle_pl/sql_development,2
2717,2717,usability,72
2718,2718,learn_social_media_marketing,1
2719,2719,senior_singles_get_together,1
2720,2720,hyperledger,10
2721,2721,qlikview,3
2722,2722,blackberry,2
2723,2723,moocs,2
2724,2724,bdd,5
2725,2725,local_search_marketing,1
2726,2726,open_source_frameworks,9
2727,2727,music_technology,2
2728,2728,content_strategy_and_seo,12
2729,2729,behaviour_change,3
2730,2730,virtual_currency,38
2731,2731,local_history,3
2732,2732,environment_art,1
2733,2733,information_technology_in_sport,1
2734,2734,c_programming_language,2
2735,2735,openid,1
2736,2736,human_evolution,1
2737,2737,legal_technology,1
2738,2738,cloudera,1
2739,2739,nodebots,2
2740,2740,public_relations,2
2741,2741,radio,3
2742,2742,graduates,1
2743,2743,compilers,2
2744,2744,data_architecture,3
2745,2745,cmmi,2
2746,2746,ecology,1
2747,2747,lifestyle_blogging,2
2748,2748,robots,10
2749,2749,hospitality,1
2750,2750,unity_3d_artists,3
2751,2751,insurtech,1
2752,2752,sharepoint_implementations/best_practices,1
2753,2753,affiliate_marketing_joint_ventures,1
2754,2754,sinatra_ruby_framework,2
2755,2755,medical,3
2756,2756,ios_and_android_application_development,2
2757,2757,apple_software,4
2758,2758,networking_for_the_self_employed,1
2759,2759,data_mining,152
2760,2760,handmade_crafts,3
2761,2761,rendering,2
2762,2762,iphone_and_android_game_app_developers,1
2763,2763,joomla_mastering,1
2764,2764,drupal_theming,8
2765,2765,phonegap,4
2766,2766,service_bus,3
2767,2767,right_to_individual_privacy,3
2768,2768,drupal_themers,1
2769,2769,real_time_strategy,1
2770,2770,philosophy,4
2771,2771,websites,2
2772,2772,sports_and_socials,2
2773,2773,grassroots_action,1
2774,2774,apache_hbase,1
2775,2775,couchapp,1
2776,2776,data_warehouses,6
2777,2777,financial_technology,39
2778,2778,email_marketing_(ecommerce),3
2779,2779,social_media_strategy,1
2780,2780,christian_entrepreneurs,1
2781,2781,graphic_design_and_print_production,2
2782,2782,crowdsharing,1
2783,2783,time_series_analysis,1
2784,2784,iot,19
2785,2785,unit_testing,1
2786,2786,azure,9
2787,2787,software_development_process,3
2788,2788,digital_culture,1
2789,2789,selling_on_amazon,7
2790,2790,programming_in_r,7
2791,2791,raspberrypi,5
2792,2792,augmented_reality,52
2793,2793,agile_adoption_/_transition,1
2794,2794,enterprise_mobility_architects,1
2795,2795,virtualization_-_network_and_system,1
2796,2796,scala_dsl_for_cloud_computing,1
2797,2797,corporate_training,1
2798,2798,assist_in_creating_youtube_videos,2
2799,2799,knowledge_management,1
2800,2800,facebook_application_development,2
2801,2801,open_source_hardware,11
2802,2802,pyramid_web_framework,1
2803,2803,newsql,2
2804,2804,bioinformatics,10
2805,2805,ios_development,148
2806,2806,pubs_and_bars,2
2807,2807,rocketry,1
2808,2808,business_strategies_and_networking,1
2809,2809,cross_publishing_to_web_and_mobile,1
2810,2810,drupal_content_administrators,1
2811,2811,electrical,1
2812,2812,android_game_development,7
2813,2813,aws_rds,2
2814,2814,bitcoin_security,12
2815,2815,fabrication,2
2816,2816,stream_computing,1
2817,2817,autosports,1
2818,2818,preventative_health,1
2819,2819,aurelia,1
2820,2820,cognitive_behaviour_therapy,1
2821,2821,ipad_development,1
2822,2822,mathematica,1
2823,2823,hack,8
2824,2824,ssds,1
2825,2825,life_transformation,3
2826,2826,hackathon,17
2827,2827,creative_technologists,3
2828,2828,women_web_developers,1
2829,2829,all_forms_of_javascript,18
2830,2830,scrum_master,15
2831,2831,pair_programming,15
2832,2832,portuguese_language,1
2833,2833,freelancers_in_london,2
2834,2834,corporate_communications,1
2835,2835,computer_investigations,1
2836,2836,electronic_privacy,8
2837,2837,quality_engineering,1
2838,2838,net_neutrality,2
2839,2839,hipchat,5
2840,2840,symfony,5
2841,2841,lean_project_management,52
2842,2842,web_design_and_programming,7
2843,2843,cisco_systems,9
2844,2844,business_intelligence_best_practices,19
2845,2845,inventor,1
2846,2846,consumer_behavior,1
2847,2847,opscode,2
2848,2848,enterprise_architect,4
2849,2849,mhealth,4
2850,2850,solomo,2
2851,2851,sharepoint,9
2852,2852,paas:_platform_as_a_service,7
2853,2853,cassandra,20
2854,2854,human_capital_management,1
2855,2855,behavioural_economics,2
2856,2856,slovak_language,1
2857,2857,database_development,52
2858,2858,interactive_marketing,2
2859,2859,io.js,1
2860,2860,symfony2,10
2861,2861,parallel_programming,7
2862,2862,gpgpu,3
2863,2863,diybio,2
2864,2864,stoos,1
2865,2865,health_it_professional,4
2866,2866,smart_people,2
2867,2867,operations_and_data_center_management,19
2868,2868,meaning_of_life,1
2869,2869,music_appreciation,1
2870,2870,graphql,1
2871,2871,mlm_training_&_support,1
2872,2872,coldfusion,2
2873,2873,cto,7
2874,2874,startup_api,1
2875,2875,omni_by_virtuix,1
2876,2876,information_architecture,46
2877,2877,electronics_technology,4
2878,2878,painting_and_sculpture,1
2879,2879,5g_networks,1
2880,2880,opencl,2
2881,2881,data,16
2882,2882,data_storage,7
2883,2883,angular2,3
2884,2884,culture_and_international_development,1
2885,2885,varnish,1
2886,2886,open_data,38
2887,2887,computer_tablets,1
2888,2888,politics,3
2889,2889,mobile_app,5
2890,2890,fashion_design,5
2891,2891,wordpress_customization,33
2892,2892,sass,1
2893,2893,virtual_reality,60
2894,2894,clojurescript,5
2895,2895,social_media_for_social_change,3
2896,2896,learn_coding,19
2897,2897,graphic_design,86
2898,2898,building_blackberry_apps_with_titanium,2
2899,2899,cad/cam,6
2900,2900,clover,2
2901,2901,visualforce_development,5
2902,2902,business_management,1
2903,2903,3d_printworkshop,1
2904,2904,social,14
2905,2905,code,4
2906,2906,edx_study_groups,1
2907,2907,human_resources_management,1
2908,2908,linux_server,8
2909,2909,b2b_content_marketing,3
2910,2910,project_management,23
2911,2911,adobe_photoshop,2
2912,2912,live_theatre_&_musical_theatre,1
2913,2913,crm,14
2914,2914,mobile_solutions,1
2915,2915,building_an_online_business,8
2916,2916,asterisk_pbx,1
2917,2917,videoblogging,5
2918,2918,israelis,1
2919,2919,future_of_news,6
2920,2920,medical_imaging,2
2921,2921,product_prototyping,2
2922,2922,internet_business,2
2923,2923,enterpreneurs,1
2924,2924,craft_sellers,1
2925,2925,3d,8
2926,2926,business_process_management,8
2927,2927,single_parents_and_kids,1
2928,2928,open_source,624
2929,2929,disruptive_innovation,5
2930,2930,jtbd,1
2931,2931,information_technology_in_business,33
2932,2932,software_systems,1
2933,2933,the_quantified_self,2
2934,2934,agile_coaching,90
2935,2935,social_recruiting,1
2936,2936,graph_databases,12
2937,2937,the_future_of_video_games,15
2938,2938,independent_filmmaking,3
2939,2939,developer_evangelism,1
2940,2940,beauty_industry,1
2941,2941,business,8
2942,2942,ecommerce_&_social_media,3
2943,2943,motivation,4
2944,2944,iphone_application_development,2
2945,2945,dating_and_relationships,1
2946,2946,android_sdk,2
2947,2947,change_leadership,3
2948,2948,chinese_food,1
2949,2949,edx.org,1
2950,2950,computer_networks,1
2951,2951,control_system_cyber_security,12
2952,2952,speech_processing,1
2953,2953,teachers,7
2954,2954,app_developers,2
2955,2955,indie_games,18
2956,2956,scaling_scrum,2
2957,2957,social_games,1
2958,2958,direct_sales,1
2959,2959,community_growth_facilitation,1
2960,2960,operational_excellence,1
2961,2961,wellness,7
2962,2962,sustainable_transportation,5
2963,2963,uk_aws_users,4
2964,2964,internet_marketing_strategies_for_business_owners,1
2965,2965,stream_processing,6
2966,2966,edx,1
2967,2967,twitter,15
2968,2968,windows_holographic,3
2969,2969,wordpress_workshops,4
2970,2970,semantic_seo,1
2971,2971,technology_professionals,105
2972,2972,business_incubator,1
2973,2973,web_design,384
2974,2974,application_performance_management,1
2975,2975,autonomous_cars,2
2976,2976,audio_engineering,4
2977,2977,hdfs,1
2978,2978,low_budget_filmmaking,1
2979,2979,developer_advocacy,1
2980,2980,high_availability,1
2981,2981,psychology,7
2982,2982,new_urbanism,2
2983,2983,recruiting,3
2984,2984,conservation,2
2985,2985,big_data_analytics,159
2986,2986,web_and_mobile_technology,1
2987,2987,data_warehousing,19
2988,2988,web_ontology_language,1
2989,2989,suffolk,1
2990,2990,fashion_technology,1
2991,2991,futures_trading,1
2992,2992,smart_cities,15
2993,2993,evolution,1
2994,2994,evernote,1
2995,2995,photoshop_workshops,1
2996,2996,unified_messaging,2
2997,2997,google_developer_group,16
2998,2998,ceos_&_founders,2
2999,2999,free_software_foundation,2
3000,3000,social_media_for_small_business,1
3001,3001,computer_vision_applications,2
3002,3002,os_x,1
3003,3003,mobile_games,4
3004,3004,community_building,12
3005,3005,digital_media_and_social_marketing,3
3006,3006,social_media_for_business,6
3007,3007,refreshing_cities,1
3008,3008,cloud_computing_security,1
3009,3009,education_&_technology,162
3010,3010,iphone_ipad_ios_developers,6
3011,3011,music,9
3012,3012,wsgi,1
3013,3013,c-level_tech,2
3014,3014,consumer_health,1
3015,3015,fast_data,1
3016,3016,media,16
3017,3017,marmots,1
3018,3018,healthcare_professionals,10
3019,3019,business_strategy,120
3020,3020,high_performance_computing,17
3021,3021,video_game_entrepreneurs,4
3022,3022,musicians,4
3023,3023,ubiquitous_computing,1
3024,3024,open_stack,1
3025,3025,test_mug,4
3026,3026,spring,1
3027,3027,healthy_body_image,1
3028,3028,tablet_applications,1
3029,3029,story_tellers,1
3030,3030,women_in_tech,10
3031,3031,ceph,1
3032,3032,cross_mentoring_with_expert_ceo_business_owners,3
3033,3033,computer__network_systems,1
3034,3034,disaster_response,1
3035,3035,nosql,107
3036,3036,what_ecommerce_platform_do_you_use?,2
3037,3037,application_development,14
3038,3038,academic_papers,1
3039,3039,fundraising,6
3040,3040,nanotech,3
3041,3041,streams,1
3042,3042,fun_times,4
3043,3043,live_music,10
3044,3044,life_long_learning,1
3045,3045,crypto-anarchy,2
3046,3046,jquery,29
3047,3047,biotech_&_medical,6
3048,3048,longboard_skateboarding,1
3049,3049,malware,1
3050,3050,pylons,1
3051,3051,startup_funding,1
3052,3052,pmi,1
3053,3053,africans,1
3054,3054,unity,12
3055,3055,green_technology,5
3056,3056,ruby,55
3057,3057,serious_games,1
3058,3058,j2ee,8
3059,3059,product_lifecycle_management,2
3060,3060,creative_industries,2
3061,3061,investing,12
3062,3062,opentsdb,1
3063,3063,smart_glass,1
3064,3064,doodling,1
3065,3065,high_frequency_trading,5
3066,3066,js_underscore,1
3067,3067,inventors_and_product_developers,7
3068,3068,higher_education,1
3069,3069,transmedia_production,4
3070,3070,prototyping,8
3071,3071,small_business_technology,2
3072,3072,test_preparation,1
3073,3073,online_selling,6
3074,3074,personal_kanban,3
3075,3075,creative_women,1
3076,3076,data_profiling,2
3077,3077,drupal_designers,3
3078,3078,lucene_solr_nutch_mahout_and_open_source_search,6
3079,3079,responsive_web_design,6
3080,3080,mastermind_&_self_mastery,1
3081,3081,zbrush,1
3082,3082,inventors_just_getting_started,1
3083,3083,enterprise_business_architecture,3
3084,3084,ubuntu_linux,1
3085,3085,mars_exploration,1
3086,3086,json,6
3087,3087,coffee_lovers,1
3088,3088,cms_for_designers,2
3089,3089,gdg,2
3090,3090,pentaho,2
3091,3091,public_policy,1
3092,3092,visual_arts,1
3093,3093,sql_server_2012,3
3094,3094,kubernetes,12
3095,3095,eco-conscious,1
3096,3096,mixed_reality,21
3097,3097,oracle_apex_development,1
3098,3098,authors,1
3099,3099,niche_affiliate_marketing,1
3100,3100,ebay_marketing,1
3101,3101,phyton,1
3102,3102,public_speaking,3
3103,3103,social_media_analytics,4
3104,3104,groovy_programming_language,2
3105,3105,data_visualization,184
3106,3106,adult_learning,1
3107,3107,branded_content,2
3108,3108,sharepoint_workflow,1
3109,3109,filemaker_tips_and_tricks,1
3110,3110,salesforce.com,15
3111,3111,it_infrastructure,10
3112,3112,physician_entrepreneurship,2
3113,3113,metro,1
3114,3114,identity_and_access_management,1
3115,3115,chatops,1
3116,3116,talend,3
3117,3117,puppet,11
3118,3118,marketing_professionals,1
3119,3119,expat,2
3120,3120,geek_culture,7
3121,3121,entrepreneurship,359
3122,3122,healthcare_innovation,17
3123,3123,consciousness,3
3124,3124,social_impact,2
3125,3125,javascript_animation,1
3126,3126,publishers,2
3127,3127,operations_management,2
3128,3128,blogging,48
3129,3129,healthy_living,8
3130,3130,wordpress_help,16
3131,3131,smart_grid,18
3132,3132,non_profit_organizations,3
3133,3133,entreprise,1
3134,3134,richmond,1
3135,3135,interactive_art,1
3136,3136,local_online_marketing,1
3137,3137,physical_security,2
3138,3138,dna_sequencing,1
3139,3139,apache_sling,2
3140,3140,social_crm,4
3141,3141,mono_for_android,1
3142,3142,craft_cms,3
3143,3143,public_health,2
3144,3144,small_business_online_marketing,1
3145,3145,magento_meetups,10
3146,3146,frontend_performance,1
3147,3147,iphone_fans_and_users,1
3148,3148,data_structures,3
3149,3149,finding_a_new_job,1
3150,3150,job_search,5
3151,3151,apple,12
3152,3152,hardware,13
3153,3153,social_gambling,1
3154,3154,free_content,1
3155,3155,activity_monitors_and_devices,5
3156,3156,intelligent_conversation,1
3157,3157,interest_graphs,1
3158,3158,dads,1
3159,3159,monitizing_iphone_apps,1
3160,3160,broadcasting_and_media_graphics,1
3161,3161,asp.net_web_api,1
3162,3162,hackshackers,7
3163,3163,threat_analysis,1
3164,3164,microsoft,20
3165,3165,stop_global_warming/environmental_issues,1
3166,3166,risk,3
3167,3167,microstrategy_development,1
3168,3168,small_business,47
3169,3169,lean_innovation,1
3170,3170,software_engineering,65
3171,3171,monitoring,7
3172,3172,digital_strategy,8
3173,3173,learning,55
3174,3174,6.00x_fall_2012,1
3175,3175,surfing,1
3176,3176,chinese_language,1
3177,3177,xaml,2
3178,3178,business_intelligence_strategy,14
3179,3179,london,24
3180,3180,executive_dashboards,1
3181,3181,crowdsourcing,3
3182,3182,mediawiki,1
3183,3183,weekend_adventures_&_get-aways,1
3184,3184,marketing,58
3185,3185,application_security,19
3186,3186,behavioral_economics,1
3187,3187,user_experience,178
3188,3188,archaeology,2
3189,3189,building_a_better_world,1
3190,3190,mesh_networks,1
3191,3191,embedded_linux,4
3192,3192,makeup,1
3193,3193,f#_programming,11
3194,3194,iphone_apps,2
3195,3195,content_delivery_network,2
3196,3196,youtube,5
3197,3197,dart_language,1
3198,3198,poverty,1
3199,3199,bitbucket,2
3200,3200,modaf,1
3201,3201,interactive_design,2
3202,3202,copywriting_for_small_business_owners,3
3203,3203,biohacking,5
3204,3204,managed_services,3
3205,3205,"networking_mixers,_social_events,_fun_activities",1
3206,3206,poker,2
3207,3207,ux/ui,13
3208,3208,flash_builder,1
3209,3209,internet_of_everything,2
3210,3210,spanish_language,2
3211,3211,distributed_source_code_management,2
3212,3212,lean_manufacturing,2
3213,3213,maritime_engineering,1
3214,3214,video_and_computer_animation,2
3215,3215,stereoscopic_equipment_and_methods,2
3216,3216,maker_innovation_ecosystem,2
3217,3217,creative_problem_solving,7
3218,3218,webtrends,2
3219,3219,reputation_management,2
3220,3220,blackberry_java_development,2
3221,3221,.net_developers,5
3222,3222,business_strategy_and_professional_development,2
3223,3223,gpu_programming,4
3224,3224,community_managers_&_organisers,1
3225,3225,telescopes,1
3226,3226,online_outsourcing,1
3227,3227,intellectual_discussion,19
3228,3228,e-commerce_business,6
3229,3229,how_to_invest_in_bitcoin,8
3230,3230,linux_networking,4
3231,3231,agile_product_development,5
3232,3232,sports_performance,1
3233,3233,user_research,56
3234,3234,cognitive_neuroscience,1
3235,3235,chef-software,1
3236,3236,global_warming,1
3237,3237,executive_agile,1
3238,3238,gamification,6
3239,3239,wordpress_small_business_websites,2
3240,3240,microsoft_windows,8
3241,3241,pyramid,1
3242,3242,social_media,94
3243,3243,courses_and_workshops,14
3244,3244,customer_experience_surveys,1
3245,3245,new_media,24
3246,3246,jboss_enterprise_middleware,5
3247,3247,sql_server_2005,1
3248,3248,entrepreneur_matchmaking,3
3249,3249,semantics,1
3250,3250,heroku,9
3251,3251,leveraging_big_data,12
3252,3252,citrix,1
3253,3253,culture,5
3254,3254,peer_to_peer_economy,1
3255,3255,create_a_blog,3
3256,3256,presentations,2
3257,3257,web_performance,10
3258,3258,coworking,5
3259,3259,smart_contracts,30
3260,3260,security_devices,2
3261,3261,story_telling,1
3262,3262,alternate_reality_games,1
3263,3263,linux_user_group,6
3264,3264,trade_finance,1
3265,3265,vim,1
3266,3266,creative_freelancers,7
3267,3267,devtools,1
3268,3268,web_service_security,2
3269,3269,kids,2
3270,3270,sharepoint_online,1
3271,3271,software_qa_and_testing,62
3272,3272,creating_google_appengine_applications,1
3273,3273,object_oriented_software_construction,1
3274,3274,it_kanban,2
3275,3275,itsmf,1
3276,3276,inclusive_&_diverse,3
3277,3277,web_content_management,4
3278,3278,consultants,1
3279,3279,cnc,2
3280,3280,community_action,1
3281,3281,text_analytics,13
3282,3282,marketing_agencies,1
3283,3283,geolocation,3
3284,3284,bayesian_networks,3
3285,3285,financial_risk_managment,2
3286,3286,diy_technology,13
3287,3287,ec2,21
3288,3288,business_solutions,1
3289,3289,lpwan,2
3290,3290,khronos,1
3291,3291,upcycling,1
3292,3292,mean_stack,1
3293,3293,transportation,2
3294,3294,independent_publishing,1
3295,3295,sustainable_food_systems,1
3296,3296,human-computer_interaction,26
3297,3297,property_networking,1
3298,3298,enterprise_ar/mr/vr,5
3299,3299,oracle_big_data_appliance,2
3300,3300,neo4j-social,1
3301,3301,quadcopters,1
3302,3302,unconditional_creativity,1
3303,3303,agile_data_warehousing_and_business_intelligence,4
3304,3304,graduate_students_and_young_professionals,2
3305,3305,microstrategy_dashboards,1
3306,3306,gemfire,1
3307,3307,digital_public_relations,2
3308,3308,embracing_diversity,3
3309,3309,bayesian_statistics,3
3310,3310,performing_arts,3
3311,3311,marketing_research,1
3312,3312,regulatory_compliance,7
3313,3313,business_continuity,1
3314,3314,google_analytics,13
3315,3315,github_pages,1
3316,3316,wikivoyage,1
3317,3317,targetprocess,1
3318,3318,documentary_films,1
3319,3319,accounting,1
3320,3320,open_paas,2
3321,3321,film_industry,2
3322,3322,mathematics,9
3323,3323,vacation_rental_properties,1
3324,3324,digital_rights_management,2
3325,3325,backbone.js,6
3326,3326,adobe_user_group,3
3327,3327,disruptive_think_tank,1
3328,3328,d3,1
3329,3329,undergraduates,2
3330,3330,economic_and_social_justice,1
3331,3331,bristol,8
3332,3332,digital_marketing_analytics,7
3333,3333,marklogic_server,3
3334,3334,sharepoint_business_development,2
